nap,kapu,ts,MMSI,irany,csoport,merules_m
2026-07-08,Nagy-Balti-öv,2026-07-08 14:12:27,111219522,dél,Egyéb / ismeretlen,
2026-07-08,Nagy-Balti-öv,2026-07-08 14:18:47,111219522,észak,Egyéb / ismeretlen,
2026-07-08,Nagy-Balti-öv,2026-07-08 14:30:20,111219522,dél,Egyéb / ismeretlen,
2026-07-08,Nagy-Balti-öv,2026-07-08 14:33:53,111219522,észak,Egyéb / ismeretlen,
2026-07-08,Nagy-Balti-öv,2026-07-08 14:44:12,111219522,dél,Egyéb / ismeretlen,
2026-07-08,Nagy-Balti-öv,2026-07-08 14:47:28,111219522,észak,Egyéb / ismeretlen,
2026-07-08,Nagy-Balti-öv,2026-07-08 00:56:39,209968000,dél,Teherhajó,4.1
2026-07-08,Nagy-Balti-öv,2026-07-08 10:58:46,211110440,észak,Kedvtelési,
2026-07-08,Nagy-Balti-öv,2026-07-08 11:07:18,211110440,dél,Kedvtelési,
2026-07-08,Nagy-Balti-öv,2026-07-08 11:07:30,211110440,észak,Kedvtelési,
2026-07-08,Nagy-Balti-öv,2026-07-08 11:07:47,211110440,dél,Kedvtelési,
2026-07-08,Nagy-Balti-öv,2026-07-08 11:10:47,211110440,észak,Kedvtelési,
2026-07-08,Nagy-Balti-öv,2026-07-08 16:09:35,211126610,észak,Kedvtelési,
2026-07-08,Nagy-Balti-öv,2026-07-08 10:08:44,211159730,dél,Kedvtelési,
2026-07-08,Nagy-Balti-öv,2026-07-08 13:25:14,211167120,dél,Kedvtelési,
2026-07-08,Nagy-Balti-öv,2026-07-08 17:13:54,211251380,dél,Kedvtelési,
2026-07-08,Nagy-Balti-öv,2026-07-08 12:50:16,211257590,észak,Kedvtelési,
2026-07-08,Nagy-Balti-öv,2026-07-08 08:14:42,211270530,dél,Kedvtelési,
2026-07-08,Nagy-Balti-öv,2026-07-08 10:16:41,211382090,észak,Kedvtelési,
2026-07-08,Nagy-Balti-öv,2026-07-08 10:06:24,211383690,dél,Kedvtelési,
2026-07-08,Nagy-Balti-öv,2026-07-08 13:01:48,211431580,észak,Kedvtelési,
2026-07-08,Nagy-Balti-öv,2026-07-08 07:46:30,211436110,dél,Kedvtelési,
2026-07-08,Nagy-Balti-öv,2026-07-08 10:17:46,211516490,észak,Kedvtelési,
2026-07-08,Nagy-Balti-öv,2026-07-08 18:08:19,211563420,észak,Kedvtelési,
2026-07-08,Nagy-Balti-öv,2026-07-08 17:52:58,211582330,észak,Kedvtelési,
2026-07-08,Nagy-Balti-öv,2026-07-08 11:28:02,211586750,észak,Kedvtelési,
2026-07-08,Nagy-Balti-öv,2026-07-08 10:37:16,211593520,észak,Kedvtelési,
2026-07-08,Nagy-Balti-öv,2026-07-08 07:04:01,211598610,észak,Kedvtelési,
2026-07-08,Nagy-Balti-öv,2026-07-08 12:04:53,211609750,észak,Kedvtelési,
2026-07-08,Nagy-Balti-öv,2026-07-08 15:12:34,211618760,észak,Kedvtelési,
2026-07-08,Nagy-Balti-öv,2026-07-08 15:40:45,211655320,észak,Kedvtelési,
2026-07-08,Nagy-Balti-öv,2026-07-08 11:42:08,211687420,észak,Kedvtelési,
2026-07-08,Nagy-Balti-öv,2026-07-08 11:42:16,211687420,dél,Kedvtelési,
2026-07-08,Nagy-Balti-öv,2026-07-08 11:42:34,211687420,észak,Kedvtelési,
2026-07-08,Nagy-Balti-öv,2026-07-08 13:19:08,211687420,dél,Kedvtelési,
2026-07-08,Nagy-Balti-öv,2026-07-08 14:31:07,211687420,észak,Kedvtelési,
2026-07-08,Nagy-Balti-öv,2026-07-08 08:41:57,211709290,dél,Kedvtelési,
2026-07-08,Nagy-Balti-öv,2026-07-08 09:10:37,211719460,dél,Kedvtelési,
2026-07-08,Nagy-Balti-öv,2026-07-08 08:35:44,211722070,dél,Kedvtelési,
2026-07-08,Nagy-Balti-öv,2026-07-08 09:06:40,211725490,dél,Kedvtelési,
2026-07-08,Nagy-Balti-öv,2026-07-08 10:44:51,211776170,dél,Kedvtelési,
2026-07-08,Nagy-Balti-öv,2026-07-08 08:55:41,211819010,dél,Kedvtelési,
2026-07-08,Nagy-Balti-öv,2026-07-08 15:15:57,211845460,észak,Kedvtelési,
2026-07-08,Nagy-Balti-öv,2026-07-08 12:32:53,211860100,észak,Kedvtelési,
2026-07-08,Nagy-Balti-öv,2026-07-08 02:00:52,212811000,dél,Teherhajó,7.2
2026-07-08,Nagy-Balti-öv,2026-07-08 15:37:14,218006050,észak,Kedvtelési,
2026-07-08,Nagy-Balti-öv,2026-07-08 15:41:55,218020050,észak,Kedvtelési,
2026-07-08,Nagy-Balti-öv,2026-07-08 10:46:50,218056220,dél,Kedvtelési,
2026-07-08,Nagy-Balti-öv,2026-07-08 11:26:23,219008283,dél,Kedvtelési,
2026-07-08,Nagy-Balti-öv,2026-07-08 05:39:00,219019341,dél,Kedvtelési,
2026-07-08,Nagy-Balti-öv,2026-07-08 04:08:20,219021019,dél,Kedvtelési,
2026-07-08,Nagy-Balti-öv,2026-07-08 14:40:36,219022248,észak,Kedvtelési,
2026-07-08,Nagy-Balti-öv,2026-07-08 02:58:06,219027992,észak,Teherhajó,5.3
2026-07-08,Nagy-Balti-öv,2026-07-08 00:47:01,219029880,észak,Tanker,8.0
2026-07-08,Nagy-Balti-öv,2026-07-08 08:38:07,219030139,dél,Kedvtelési,
2026-07-08,Nagy-Balti-öv,2026-07-08 08:41:39,219794000,észak,Szolgálati,3.4
2026-07-08,Nagy-Balti-öv,2026-07-08 09:42:07,220431000,dél,Szolgálati,2.7
2026-07-08,Nagy-Balti-öv,2026-07-08 06:21:27,229648000,dél,Teherhajó,12.7
2026-07-08,Nagy-Balti-öv,2026-07-08 07:14:36,230690000,dél,Tanker,9.0
2026-07-08,Nagy-Balti-öv,2026-07-08 22:17:31,231613000,dél,Teherhajó,4.7
2026-07-08,Nagy-Balti-öv,2026-07-08 00:35:33,231898000,dél,Teherhajó,4.0
2026-07-08,Nagy-Balti-öv,2026-07-08 11:38:58,235032648,észak,Kedvtelési,
2026-07-08,Nagy-Balti-öv,2026-07-08 08:18:07,235108527,dél,Tanker,15.0
2026-07-08,Nagy-Balti-öv,2026-07-08 13:02:45,241408000,észak,Tanker,14.2
2026-07-08,Nagy-Balti-öv,2026-07-08 16:32:38,241456000,észak,Tanker,8.6
2026-07-08,Nagy-Balti-öv,2026-07-08 07:15:59,244001695,dél,Kedvtelési,
2026-07-08,Nagy-Balti-öv,2026-07-08 18:59:40,244067000,dél,Teherhajó,3.0
2026-07-08,Nagy-Balti-öv,2026-07-08 18:13:53,244335000,dél,Tanker,6.8
2026-07-08,Nagy-Balti-öv,2026-07-08 18:20:54,245261000,észak,Teherhajó,10.0
2026-07-08,Nagy-Balti-öv,2026-07-08 12:47:21,248891000,észak,Tanker,5.1
2026-07-08,Nagy-Balti-öv,2026-07-08 16:34:17,249000465,észak,Kedvtelési,
2026-07-08,Nagy-Balti-öv,2026-07-08 08:32:08,249097000,dél,Tanker,12.3
2026-07-08,Nagy-Balti-öv,2026-07-08 23:55:40,249129000,észak,Személyszállító,8.5
2026-07-08,Nagy-Balti-öv,2026-07-08 02:07:59,249934000,dél,Teherhajó,4.2
2026-07-08,Nagy-Balti-öv,2026-07-08 15:45:00,255806175,dél,Teherhajó,7.4
2026-07-08,Nagy-Balti-öv,2026-07-08 23:51:40,255924000,dél,Teherhajó,5.2
2026-07-08,Nagy-Balti-öv,2026-07-08 07:54:52,257072750,észak,Kedvtelési,
2026-07-08,Nagy-Balti-öv,2026-07-08 18:06:52,257134350,dél,Kedvtelési,
2026-07-08,Nagy-Balti-öv,2026-07-08 10:51:20,257670670,észak,Kedvtelési,
2026-07-08,Nagy-Balti-öv,2026-07-08 21:23:01,257786000,dél,Egyéb / ismeretlen,5.2
2026-07-08,Nagy-Balti-öv,2026-07-08 11:03:17,257789480,dél,Kedvtelési,
2026-07-08,Nagy-Balti-öv,2026-07-08 14:59:05,257794340,észak,Kedvtelési,
2026-07-08,Nagy-Balti-öv,2026-07-08 00:17:23,258009780,dél,Teherhajó,5.3
2026-07-08,Nagy-Balti-öv,2026-07-08 18:45:53,258114000,észak,Teherhajó,3.4
2026-07-08,Nagy-Balti-öv,2026-07-08 10:39:27,259127000,dél,Tanker,11.9
2026-07-08,Nagy-Balti-öv,2026-07-08 03:17:39,259222000,dél,Személyszállító,6.9
2026-07-08,Nagy-Balti-öv,2026-07-08 16:49:30,259222000,észak,Személyszállító,6.9
2026-07-08,Nagy-Balti-öv,2026-07-08 11:38:56,265027970,észak,Kedvtelési,
2026-07-08,Nagy-Balti-öv,2026-07-08 11:39:38,265027970,dél,Kedvtelési,
2026-07-08,Nagy-Balti-öv,2026-07-08 11:39:56,265027970,észak,Kedvtelési,
2026-07-08,Nagy-Balti-öv,2026-07-08 11:46:58,265079570,észak,Kedvtelési,
2026-07-08,Nagy-Balti-öv,2026-07-08 10:03:43,265671300,észak,Kedvtelési,
2026-07-08,Nagy-Balti-öv,2026-07-08 10:16:12,265671300,dél,Kedvtelési,
2026-07-08,Nagy-Balti-öv,2026-07-08 11:04:08,265671300,észak,Kedvtelési,
2026-07-08,Nagy-Balti-öv,2026-07-08 01:44:27,266343000,dél,Személyszállító,6.1
2026-07-08,Nagy-Balti-öv,2026-07-08 21:08:36,266343000,észak,Személyszállító,6.1
2026-07-08,Nagy-Balti-öv,2026-07-08 06:31:47,266473000,dél,Tanker,6.5
2026-07-08,Nagy-Balti-öv,2026-07-08 17:22:09,273277840,dél,Tanker,8.6
2026-07-08,Nagy-Balti-öv,2026-07-08 20:51:59,273279660,dél,Tanker,9.0
2026-07-08,Nagy-Balti-öv,2026-07-08 03:54:08,305190000,dél,Teherhajó,5.2
2026-07-08,Nagy-Balti-öv,2026-07-08 12:58:12,311000801,dél,Teherhajó,8.3
2026-07-08,Nagy-Balti-öv,2026-07-08 05:00:12,311001728,észak,Tanker,11.0
2026-07-08,Nagy-Balti-öv,2026-07-08 18:55:30,352003965,dél,Teherhajó,9.8
2026-07-08,Nagy-Balti-öv,2026-07-08 20:37:45,352004953,észak,Teherhajó,9.5
2026-07-08,Nagy-Balti-öv,2026-07-08 12:43:34,352005852,észak,Tanker,14.8
2026-07-08,Nagy-Balti-öv,2026-07-08 21:25:16,352006299,észak,Teherhajó,10.1
2026-07-08,Nagy-Balti-öv,2026-07-08 20:52:32,372078000,észak,Teherhajó,8.4
2026-07-08,Nagy-Balti-öv,2026-07-08 10:17:09,372885000,észak,Teherhajó,14.4
2026-07-08,Nagy-Balti-öv,2026-07-08 23:33:25,538005067,észak,Teherhajó,14.8
2026-07-08,Nagy-Balti-öv,2026-07-08 00:16:13,538012045,észak,Személyszállító,5.9
2026-07-08,Nagy-Balti-öv,2026-07-08 00:59:25,563323500,észak,Teherhajó,8.4
2026-07-08,Nagy-Balti-öv,2026-07-08 06:36:41,572561220,dél,Tanker,5.5
2026-07-08,Nagy-Balti-öv,2026-07-08 23:01:53,613271403,dél,Tanker,8.7
2026-07-08,Nagy-Balti-öv,2026-07-08 00:58:49,631010091,észak,Tanker,14.6
2026-07-08,Nagy-Balti-öv,2026-07-08 14:25:12,636018217,észak,Teherhajó,13.2
2026-07-08,Nagy-Balti-öv,2026-07-08 19:43:31,636018658,észak,Teherhajó,14.2
2026-07-08,Nagy-Balti-öv,2026-07-08 18:09:17,636019109,dél,Teherhajó,14.3
2026-07-08,Nagy-Balti-öv,2026-07-08 12:37:22,636019720,észak,Tanker,9.8
2026-07-08,Nagy-Balti-öv,2026-07-08 18:36:53,636024016,észak,Teherhajó,10.8
2026-07-08,Nagy-Balti-öv,2026-07-08 16:14:17,636024515,dél,Teherhajó,13.2
2026-07-08,Nagy-Balti-öv,2026-07-08 15:25:13,636091995,észak,Teherhajó,10.3
2026-07-08,Nagy-Balti-öv,2026-07-08 06:26:16,636093258,észak,Teherhajó,9.1
2026-07-08,Øresund,2026-07-08 12:41:46,205328670,dél,Kedvtelési,
2026-07-08,Øresund,2026-07-08 03:47:56,209325000,dél,Teherhajó,3.5
2026-07-08,Øresund,2026-07-08 19:11:38,209325000,észak,Teherhajó,3.5
2026-07-08,Øresund,2026-07-08 05:24:17,209415000,észak,Tanker,6.6
2026-07-08,Øresund,2026-07-08 21:44:11,209823000,dél,Teherhajó,3.8
2026-07-08,Øresund,2026-07-08 04:42:29,209977000,észak,Teherhajó,5.9
2026-07-08,Øresund,2026-07-08 01:58:00,210524000,dél,Teherhajó,5.7
2026-07-08,Øresund,2026-07-08 07:53:51,210704000,észak,Teherhajó,6.2
2026-07-08,Øresund,2026-07-08 13:56:42,211158170,dél,Kedvtelési,
2026-07-08,Øresund,2026-07-08 18:20:46,211205630,dél,Kedvtelési,
2026-07-08,Øresund,2026-07-08 09:17:54,211350820,észak,Kedvtelési,
2026-07-08,Øresund,2026-07-08 13:22:48,211800530,dél,Kedvtelési,
2026-07-08,Øresund,2026-07-08 19:56:43,212123000,észak,Tanker,4.8
2026-07-08,Øresund,2026-07-08 13:34:09,212617000,dél,Teherhajó,2.9
2026-07-08,Øresund,2026-07-08 11:50:36,212810000,dél,Teherhajó,5.0
2026-07-08,Øresund,2026-07-08 01:03:24,212821000,dél,Teherhajó,3.6
2026-07-08,Øresund,2026-07-08 12:15:50,212882000,dél,Teherhajó,5.4
2026-07-08,Øresund,2026-07-08 05:31:12,219007954,észak,Kedvtelési,
2026-07-08,Øresund,2026-07-08 05:52:11,219012635,észak,Egyéb / ismeretlen,3.0
2026-07-08,Øresund,2026-07-08 12:36:51,219022589,dél,Kedvtelési,
2026-07-08,Øresund,2026-07-08 01:03:09,219024177,észak,Szolgálati,1.5
2026-07-08,Øresund,2026-07-08 01:36:55,219024177,dél,Szolgálati,1.5
2026-07-08,Øresund,2026-07-08 04:38:33,219024177,észak,Szolgálati,1.5
2026-07-08,Øresund,2026-07-08 04:59:17,219024177,dél,Szolgálati,1.5
2026-07-08,Øresund,2026-07-08 07:12:12,219024177,észak,Szolgálati,1.5
2026-07-08,Øresund,2026-07-08 07:28:45,219024177,dél,Szolgálati,1.5
2026-07-08,Øresund,2026-07-08 08:39:06,219024177,észak,Szolgálati,1.5
2026-07-08,Øresund,2026-07-08 09:05:48,219024177,dél,Szolgálati,1.5
2026-07-08,Øresund,2026-07-08 17:19:49,219024177,észak,Szolgálati,1.5
2026-07-08,Øresund,2026-07-08 17:22:36,219024177,dél,Szolgálati,1.5
2026-07-08,Øresund,2026-07-08 22:54:29,219024177,észak,Szolgálati,1.5
2026-07-08,Øresund,2026-07-08 23:19:23,219024177,dél,Szolgálati,1.5
2026-07-08,Øresund,2026-07-08 13:26:33,219026522,dél,Teherhajó,4.4
2026-07-08,Øresund,2026-07-08 10:09:20,219031071,dél,Kedvtelési,
2026-07-08,Øresund,2026-07-08 07:35:00,219032011,észak,Kedvtelési,
2026-07-08,Øresund,2026-07-08 07:53:29,219032011,dél,Kedvtelési,
2026-07-08,Øresund,2026-07-08 04:49:20,219304000,dél,Teherhajó,9.5
2026-07-08,Øresund,2026-07-08 06:03:43,219945000,dél,Személyszállító,6.4
2026-07-08,Øresund,2026-07-08 16:14:11,219945000,észak,Személyszállító,6.4
2026-07-08,Øresund,2026-07-08 10:00:27,220226000,észak,Kedvtelési,2.0
2026-07-08,Øresund,2026-07-08 13:50:28,230062090,dél,Kedvtelési,
2026-07-08,Øresund,2026-07-08 19:09:10,230719000,dél,Teherhajó,3.8
2026-07-08,Øresund,2026-07-08 05:51:36,231099000,dél,Teherhajó,4.2
2026-07-08,Øresund,2026-07-08 16:00:57,231920000,dél,Teherhajó,4.0
2026-07-08,Øresund,2026-07-08 20:35:45,235060914,észak,Teherhajó,5.3
2026-07-08,Øresund,2026-07-08 13:21:25,235061841,dél,Kedvtelési,
2026-07-08,Øresund,2026-07-08 15:42:10,244250748,dél,Kedvtelési,
2026-07-08,Øresund,2026-07-08 10:12:21,244810944,észak,Kedvtelési,
2026-07-08,Øresund,2026-07-08 06:26:01,244850116,észak,Teherhajó,3.1
2026-07-08,Øresund,2026-07-08 01:02:56,244944000,észak,Tanker,6.6
2026-07-08,Øresund,2026-07-08 19:16:19,245190000,dél,Teherhajó,5.9
2026-07-08,Øresund,2026-07-08 03:31:26,245313000,dél,Tanker,5.0
2026-07-08,Øresund,2026-07-08 07:45:11,246337000,észak,Kedvtelési,3.1
2026-07-08,Øresund,2026-07-08 09:12:05,249362000,dél,Tanker,6.9
2026-07-08,Øresund,2026-07-08 01:27:16,255805880,észak,Egyéb / ismeretlen,5.6
2026-07-08,Øresund,2026-07-08 17:17:47,255805882,észak,Teherhajó,5.7
2026-07-08,Øresund,2026-07-08 03:44:14,255806372,észak,Teherhajó,5.8
2026-07-08,Øresund,2026-07-08 01:42:48,256717000,dél,Tanker,5.5
2026-07-08,Øresund,2026-07-08 19:25:10,259186000,észak,Személyszállító,6.8
2026-07-08,Øresund,2026-07-08 07:02:18,259360000,dél,Tanker,5.1
2026-07-08,Øresund,2026-07-08 18:55:52,265057330,dél,Kedvtelési,
2026-07-08,Øresund,2026-07-08 07:21:27,265062780,dél,Kedvtelési,
2026-07-08,Øresund,2026-07-08 23:44:16,265606940,dél,Kedvtelési,
2026-07-08,Øresund,2026-07-08 18:12:38,265661150,dél,Kedvtelési,
2026-07-08,Øresund,2026-07-08 20:01:04,265704690,dél,Kedvtelési,
2026-07-08,Øresund,2026-07-08 13:11:38,265758870,dél,Kedvtelési,
2026-07-08,Øresund,2026-07-08 14:09:23,265763220,dél,Kedvtelési,
2026-07-08,Øresund,2026-07-08 13:00:39,265808540,dél,Kedvtelési,
2026-07-08,Øresund,2026-07-08 17:22:38,266466000,dél,Tanker,8.0
2026-07-08,Øresund,2026-07-08 01:26:53,277291000,dél,Személyszállító,5.5
2026-07-08,Øresund,2026-07-08 22:41:31,304028000,dél,Teherhajó,5.1
2026-07-08,Øresund,2026-07-08 18:52:15,304199000,dél,Teherhajó,6.6
2026-07-08,Øresund,2026-07-08 18:58:59,305078000,észak,Teherhajó,3.4
2026-07-08,Øresund,2026-07-08 20:04:27,305479000,dél,Teherhajó,5.6
2026-07-08,Øresund,2026-07-08 12:52:15,305531000,dél,Teherhajó,6.4
2026-07-08,Øresund,2026-07-08 13:22:17,305779000,dél,Teherhajó,6.8
2026-07-08,Øresund,2026-07-08 02:21:21,305821000,észak,Teherhajó,5.8
2026-07-08,Øresund,2026-07-08 20:42:39,305848000,észak,Teherhajó,7.9
2026-07-08,Øresund,2026-07-08 23:25:53,308871000,dél,Tanker,7.0
2026-07-08,Øresund,2026-07-08 18:14:14,311001799,dél,Teherhajó,6.0
2026-07-08,Øresund,2026-07-08 22:12:18,355390000,észak,Teherhajó,5.4
2026-07-08,Øresund,2026-07-08 07:32:24,538011062,dél,Teherhajó,6.3
2026-07-08,Øresund,2026-07-08 02:07:28,578001100,dél,Személyszállító,4.7
2026-07-08,Øresund,2026-07-08 21:14:10,636019176,észak,Tanker,5.8
2026-07-08,Øresund,2026-07-08 05:15:02,636021041,dél,Teherhajó,5.1
2026-07-08,Øresund,2026-07-08 04:07:02,636023944,észak,Teherhajó,8.9
2026-07-08,Øresund,2026-07-08 22:44:42,636023981,dél,Teherhajó,6.4
2026-07-08,Øresund,2026-07-08 05:05:34,636025818,dél,Tanker,6.9
2026-07-09,Nagy-Balti-öv,2026-07-09 05:06:37,211116790,észak,Kedvtelési,
2026-07-09,Nagy-Balti-öv,2026-07-09 13:00:19,211121410,észak,Kedvtelési,
2026-07-09,Nagy-Balti-öv,2026-07-09 14:18:28,211404170,észak,Kedvtelési,
2026-07-09,Nagy-Balti-öv,2026-07-09 09:29:02,211444470,észak,Kedvtelési,
2026-07-09,Nagy-Balti-öv,2026-07-09 11:49:33,211475760,észak,Kedvtelési,
2026-07-09,Nagy-Balti-öv,2026-07-09 17:30:03,211488250,észak,Kedvtelési,
2026-07-09,Nagy-Balti-öv,2026-07-09 11:45:41,211525970,észak,Kedvtelési,
2026-07-09,Nagy-Balti-öv,2026-07-09 10:28:10,211540630,észak,Kedvtelési,
2026-07-09,Nagy-Balti-öv,2026-07-09 07:56:15,211541630,észak,Kedvtelési,
2026-07-09,Nagy-Balti-öv,2026-07-09 17:53:01,211553490,észak,Kedvtelési,
2026-07-09,Nagy-Balti-öv,2026-07-09 15:17:39,211584010,észak,Kedvtelési,
2026-07-09,Nagy-Balti-öv,2026-07-09 11:26:00,211640280,dél,Kedvtelési,
2026-07-09,Nagy-Balti-öv,2026-07-09 11:31:20,211779350,észak,Kedvtelési,
2026-07-09,Nagy-Balti-öv,2026-07-09 15:19:14,211890800,észak,Kedvtelési,
2026-07-09,Nagy-Balti-öv,2026-07-09 14:22:34,212811000,észak,Teherhajó,4.2
2026-07-09,Nagy-Balti-öv,2026-07-09 21:21:08,218030270,észak,Teherhajó,4.3
2026-07-09,Nagy-Balti-öv,2026-07-09 09:43:49,219001284,dél,Teherhajó,2.1
2026-07-09,Nagy-Balti-öv,2026-07-09 15:10:18,219001317,dél,Személyszállító,1.8
2026-07-09,Nagy-Balti-öv,2026-07-09 08:10:55,219005098,dél,Kedvtelési,
2026-07-09,Nagy-Balti-öv,2026-07-09 19:22:51,219007134,észak,Kedvtelési,
2026-07-09,Nagy-Balti-öv,2026-07-09 19:54:19,219008659,észak,Kedvtelési,
2026-07-09,Nagy-Balti-öv,2026-07-09 15:43:19,219009602,dél,Kedvtelési,
2026-07-09,Nagy-Balti-öv,2026-07-09 09:51:02,219011643,észak,Kedvtelési,
2026-07-09,Nagy-Balti-öv,2026-07-09 05:24:13,219013501,dél,Kedvtelési,
2026-07-09,Nagy-Balti-öv,2026-07-09 08:21:19,219014873,dél,Kedvtelési,
2026-07-09,Nagy-Balti-öv,2026-07-09 11:08:49,219016007,észak,Kedvtelési,
2026-07-09,Nagy-Balti-öv,2026-07-09 05:06:32,219021454,dél,Kedvtelési,
2026-07-09,Nagy-Balti-öv,2026-07-09 08:58:34,219022343,észak,Kedvtelési,
2026-07-09,Nagy-Balti-öv,2026-07-09 10:48:31,219022526,észak,Kedvtelési,
2026-07-09,Nagy-Balti-öv,2026-07-09 17:14:00,219023665,észak,Kedvtelési,
2026-07-09,Nagy-Balti-öv,2026-07-09 09:53:56,219027139,dél,Kedvtelési,
2026-07-09,Nagy-Balti-öv,2026-07-09 13:29:01,219028798,dél,Egyéb / ismeretlen,
2026-07-09,Nagy-Balti-öv,2026-07-09 15:07:58,219028798,észak,Egyéb / ismeretlen,
2026-07-09,Nagy-Balti-öv,2026-07-09 09:36:02,219028942,észak,Kedvtelési,
2026-07-09,Nagy-Balti-öv,2026-07-09 10:40:05,219029340,észak,Kedvtelési,
2026-07-09,Nagy-Balti-öv,2026-07-09 07:26:12,219029930,észak,Kedvtelési,
2026-07-09,Nagy-Balti-öv,2026-07-09 06:52:39,219030471,dél,Kedvtelési,
2026-07-09,Nagy-Balti-öv,2026-07-09 12:24:05,219030574,észak,Kedvtelési,
2026-07-09,Nagy-Balti-öv,2026-07-09 14:40:17,219030600,dél,Kedvtelési,
2026-07-09,Nagy-Balti-öv,2026-07-09 09:30:59,219032460,észak,Kedvtelési,
2026-07-09,Nagy-Balti-öv,2026-07-09 06:37:50,219032764,dél,Kedvtelési,
2026-07-09,Nagy-Balti-öv,2026-07-09 10:29:11,219034160,észak,Kedvtelési,
2026-07-09,Nagy-Balti-öv,2026-07-09 11:33:47,219034313,észak,Kedvtelési,
2026-07-09,Nagy-Balti-öv,2026-07-09 12:36:25,219034530,dél,Kedvtelési,
2026-07-09,Nagy-Balti-öv,2026-07-09 08:32:19,219034614,dél,Kedvtelési,
2026-07-09,Nagy-Balti-öv,2026-07-09 09:18:24,219034743,észak,Kedvtelési,
2026-07-09,Nagy-Balti-öv,2026-07-09 09:30:51,219034873,észak,Kedvtelési,
2026-07-09,Nagy-Balti-öv,2026-07-09 01:12:34,230706000,észak,Tanker,8.3
2026-07-09,Nagy-Balti-öv,2026-07-09 07:37:51,231613000,észak,Teherhajó,3.0
2026-07-09,Nagy-Balti-öv,2026-07-09 09:18:27,235090784,észak,Kedvtelési,
2026-07-09,Nagy-Balti-öv,2026-07-09 01:27:53,241962000,dél,Tanker,14.7
2026-07-09,Nagy-Balti-öv,2026-07-09 08:58:04,244020442,észak,Kedvtelési,2.5
2026-07-09,Nagy-Balti-öv,2026-07-09 10:49:46,244087537,észak,Kedvtelési,
2026-07-09,Nagy-Balti-öv,2026-07-09 12:22:54,244182643,észak,Kedvtelési,1.7
2026-07-09,Nagy-Balti-öv,2026-07-09 08:27:47,244184286,dél,Kedvtelési,
2026-07-09,Nagy-Balti-öv,2026-07-09 08:08:19,244190120,dél,Kedvtelési,
2026-07-09,Nagy-Balti-öv,2026-07-09 16:34:09,244630733,észak,Kedvtelési,
2026-07-09,Nagy-Balti-öv,2026-07-09 11:12:37,244730816,észak,Kedvtelési,
2026-07-09,Nagy-Balti-öv,2026-07-09 09:53:13,246878000,észak,Tanker,6.4
2026-07-09,Nagy-Balti-öv,2026-07-09 21:21:27,247353700,dél,Személyszállító,8.5
2026-07-09,Nagy-Balti-öv,2026-07-09 21:55:40,247433300,dél,Tanker,9.3
2026-07-09,Nagy-Balti-öv,2026-07-09 01:53:35,248043000,észak,Tanker,6.3
2026-07-09,Nagy-Balti-öv,2026-07-09 18:55:20,255769000,dél,Teherhajó,6.8
2026-07-09,Nagy-Balti-öv,2026-07-09 05:41:10,255806081,dél,Teherhajó,10.9
2026-07-09,Nagy-Balti-öv,2026-07-09 18:08:05,255806175,észak,Teherhajó,4.7
2026-07-09,Nagy-Balti-öv,2026-07-09 22:11:34,255806352,észak,Teherhajó,6.8
2026-07-09,Nagy-Balti-öv,2026-07-09 06:31:31,255915691,észak,Tanker,6.3
2026-07-09,Nagy-Balti-öv,2026-07-09 07:25:37,257014780,dél,Kedvtelési,
2026-07-09,Nagy-Balti-öv,2026-07-09 11:39:15,257027970,észak,Kedvtelési,
2026-07-09,Nagy-Balti-öv,2026-07-09 02:53:08,257182000,dél,Személyszállító,6.9
2026-07-09,Nagy-Balti-öv,2026-07-09 16:44:05,257182000,észak,Személyszállító,6.9
2026-07-09,Nagy-Balti-öv,2026-07-09 20:01:36,258936000,dél,Tanker,6.7
2026-07-09,Nagy-Balti-öv,2026-07-09 17:05:30,265756580,dél,Kedvtelési,
2026-07-09,Nagy-Balti-öv,2026-07-09 04:37:06,266331000,dél,Személyszállító,6.0
2026-07-09,Nagy-Balti-öv,2026-07-09 20:52:05,266331000,észak,Személyszállító,6.0
2026-07-09,Nagy-Balti-öv,2026-07-09 20:09:28,268246900,észak,Teherhajó,5.2
2026-07-09,Nagy-Balti-öv,2026-07-09 06:10:31,304274000,észak,Teherhajó,3.9
2026-07-09,Nagy-Balti-öv,2026-07-09 12:38:34,305665000,dél,Teherhajó,6.1
2026-07-09,Nagy-Balti-öv,2026-07-09 03:09:45,311000449,dél,Tanker,14.7
2026-07-09,Nagy-Balti-öv,2026-07-09 04:28:39,311000534,észak,Tanker,8.3
2026-07-09,Nagy-Balti-öv,2026-07-09 05:15:33,311000972,dél,Teherhajó,8.2
2026-07-09,Nagy-Balti-öv,2026-07-09 12:21:03,311001106,észak,Tanker,8.5
2026-07-09,Nagy-Balti-öv,2026-07-09 09:37:46,311002021,dél,Tanker,9.3
2026-07-09,Nagy-Balti-öv,2026-07-09 02:22:23,311027400,dél,Tanker,12.8
2026-07-09,Nagy-Balti-öv,2026-07-09 01:00:31,319113500,dél,Tanker,8.3
2026-07-09,Nagy-Balti-öv,2026-07-09 09:47:38,351341000,észak,Tanker,11.9
2026-07-09,Nagy-Balti-öv,2026-07-09 22:55:23,352004747,dél,Teherhajó,9.5
2026-07-09,Nagy-Balti-öv,2026-07-09 21:27:10,461000238,dél,Tanker,9.0
2026-07-09,Nagy-Balti-öv,2026-07-09 02:29:03,511101346,észak,Tanker,12.2
2026-07-09,Nagy-Balti-öv,2026-07-09 06:53:33,538004100,dél,Teherhajó,9.9
2026-07-09,Nagy-Balti-öv,2026-07-09 17:41:00,538005404,dél,Tanker,10.7
2026-07-09,Nagy-Balti-öv,2026-07-09 17:19:42,538008124,észak,Tanker,10.3
2026-07-09,Nagy-Balti-öv,2026-07-09 12:23:51,538009486,észak,Teherhajó,10.7
2026-07-09,Nagy-Balti-öv,2026-07-09 22:11:02,538009665,dél,Teherhajó,6.9
2026-07-09,Nagy-Balti-öv,2026-07-09 20:39:55,538012559,észak,Tanker,14.4
2026-07-09,Nagy-Balti-öv,2026-07-09 23:42:55,563065800,észak,Teherhajó,7.1
2026-07-09,Nagy-Balti-öv,2026-07-09 21:14:15,563231000,észak,Teherhajó,11.2
2026-07-09,Nagy-Balti-öv,2026-07-09 02:57:09,563288800,dél,Teherhajó,11.5
2026-07-09,Nagy-Balti-öv,2026-07-09 12:37:51,613961020,dél,Tanker,8.0
2026-07-09,Nagy-Balti-öv,2026-07-09 21:54:26,636017887,észak,Teherhajó,10.6
2026-07-09,Nagy-Balti-öv,2026-07-09 14:39:54,636018682,észak,Tanker,12.9
2026-07-09,Nagy-Balti-öv,2026-07-09 08:34:37,636023600,dél,Teherhajó,10.2
2026-07-09,Nagy-Balti-öv,2026-07-09 09:22:41,636025449,észak,Teherhajó,13.9
2026-07-09,Nagy-Balti-öv,2026-07-09 16:06:51,636093159,észak,Teherhajó,10.6
2026-07-09,Nagy-Balti-öv,2026-07-09 01:25:59,636093385,észak,Teherhajó,14.6
2026-07-09,Øresund,2026-07-09 13:33:14,210681000,észak,Teherhajó,7.2
2026-07-09,Øresund,2026-07-09 07:44:41,211117840,észak,Kedvtelési,
2026-07-09,Øresund,2026-07-09 10:33:17,211164190,dél,Kedvtelési,
2026-07-09,Øresund,2026-07-09 09:17:06,211186480,dél,Kedvtelési,
2026-07-09,Øresund,2026-07-09 00:04:03,211219630,dél,Teherhajó,4.2
2026-07-09,Øresund,2026-07-09 07:24:24,211283190,észak,Kedvtelési,
2026-07-09,Øresund,2026-07-09 04:13:42,211297910,észak,Kedvtelési,
2026-07-09,Øresund,2026-07-09 14:05:32,211317180,észak,Teherhajó,7.4
2026-07-09,Øresund,2026-07-09 06:22:23,211411960,észak,Kedvtelési,
2026-07-09,Øresund,2026-07-09 04:03:40,211415450,észak,Kedvtelési,
2026-07-09,Øresund,2026-07-09 09:21:36,211424360,észak,Kedvtelési,
2026-07-09,Øresund,2026-07-09 13:13:23,211430580,észak,Kedvtelési,
2026-07-09,Øresund,2026-07-09 08:14:33,211452340,észak,Kedvtelési,
2026-07-09,Øresund,2026-07-09 10:37:49,211489600,észak,Kedvtelési,
2026-07-09,Øresund,2026-07-09 10:44:12,211561990,dél,Kedvtelési,
2026-07-09,Øresund,2026-07-09 07:22:57,211655890,dél,Kedvtelési,
2026-07-09,Øresund,2026-07-09 06:57:41,211727200,észak,Kedvtelési,
2026-07-09,Øresund,2026-07-09 07:55:42,211757640,dél,Kedvtelési,
2026-07-09,Øresund,2026-07-09 10:17:22,211775540,dél,Kedvtelési,
2026-07-09,Øresund,2026-07-09 07:57:22,211865600,dél,Kedvtelési,
2026-07-09,Øresund,2026-07-09 05:45:12,212821000,észak,Teherhajó,5.9
2026-07-09,Øresund,2026-07-09 23:33:07,212882000,észak,Teherhajó,5.4
2026-07-09,Øresund,2026-07-09 05:24:33,215015000,dél,Teherhajó,7.2
2026-07-09,Øresund,2026-07-09 03:26:10,215064000,dél,Tanker,5.9
2026-07-09,Øresund,2026-07-09 05:20:17,219002639,észak,Szolgálati,
2026-07-09,Øresund,2026-07-09 11:32:17,219004591,észak,Kedvtelési,
2026-07-09,Øresund,2026-07-09 14:58:29,219006563,észak,Szolgálati,3.4
2026-07-09,Øresund,2026-07-09 14:59:29,219007414,észak,Szolgálati,2.5
2026-07-09,Øresund,2026-07-09 10:51:56,219007752,dél,Kedvtelési,
2026-07-09,Øresund,2026-07-09 13:40:43,219008701,dél,Kedvtelési,
2026-07-09,Øresund,2026-07-09 13:42:41,219009513,észak,Kedvtelési,
2026-07-09,Øresund,2026-07-09 12:15:35,219010747,észak,Egyéb / ismeretlen,1.6
2026-07-09,Øresund,2026-07-09 14:19:45,219010747,dél,Egyéb / ismeretlen,1.6
2026-07-09,Øresund,2026-07-09 13:20:24,219012827,dél,Kedvtelési,
2026-07-09,Øresund,2026-07-09 04:27:22,219014331,észak,Kedvtelési,
2026-07-09,Øresund,2026-07-09 10:42:26,219015302,dél,Kedvtelési,
2026-07-09,Øresund,2026-07-09 08:49:30,219017025,észak,Személyszállító,
2026-07-09,Øresund,2026-07-09 09:49:06,219017025,dél,Személyszállító,
2026-07-09,Øresund,2026-07-09 15:04:29,219017025,észak,Személyszállító,
2026-07-09,Øresund,2026-07-09 16:12:57,219017025,dél,Személyszállító,
2026-07-09,Øresund,2026-07-09 10:08:47,219018202,dél,Kedvtelési,
2026-07-09,Øresund,2026-07-09 11:12:36,219020410,észak,Kedvtelési,
2026-07-09,Øresund,2026-07-09 11:01:13,219021778,észak,Kedvtelési,
2026-07-09,Øresund,2026-07-09 05:31:00,219022636,észak,Kedvtelési,
2026-07-09,Øresund,2026-07-09 04:23:50,219024177,észak,Szolgálati,1.5
2026-07-09,Øresund,2026-07-09 05:10:21,219024177,dél,Szolgálati,1.5
2026-07-09,Øresund,2026-07-09 07:41:24,219024177,észak,Szolgálati,1.5
2026-07-09,Øresund,2026-07-09 09:15:10,219024177,dél,Szolgálati,1.5
2026-07-09,Øresund,2026-07-09 17:06:45,219024177,észak,Szolgálati,1.5
2026-07-09,Øresund,2026-07-09 17:32:01,219024177,dél,Szolgálati,1.5
2026-07-09,Øresund,2026-07-09 18:40:56,219024177,észak,Szolgálati,1.5
2026-07-09,Øresund,2026-07-09 19:27:53,219024177,dél,Szolgálati,1.5
2026-07-09,Øresund,2026-07-09 20:40:14,219024177,észak,Szolgálati,1.5
2026-07-09,Øresund,2026-07-09 21:11:09,219024177,dél,Szolgálati,1.5
2026-07-09,Øresund,2026-07-09 04:50:38,219024295,észak,Kedvtelési,
2026-07-09,Øresund,2026-07-09 13:36:13,219024688,dél,Kedvtelési,
2026-07-09,Øresund,2026-07-09 09:31:19,219024708,dél,Kedvtelési,
2026-07-09,Øresund,2026-07-09 12:36:21,219025224,dél,Kedvtelési,
2026-07-09,Øresund,2026-07-09 04:20:34,219025238,észak,Kedvtelési,
2026-07-09,Øresund,2026-07-09 06:21:52,219026582,észak,Kedvtelési,
2026-07-09,Øresund,2026-07-09 12:00:29,219027117,dél,Kedvtelési,
2026-07-09,Øresund,2026-07-09 11:11:32,219027622,észak,Kedvtelési,
2026-07-09,Øresund,2026-07-09 16:46:15,219027629,észak,Egyéb / ismeretlen,
2026-07-09,Øresund,2026-07-09 19:08:54,219027629,dél,Egyéb / ismeretlen,
2026-07-09,Øresund,2026-07-09 06:23:00,219028510,észak,Kedvtelési,
2026-07-09,Øresund,2026-07-09 13:54:15,219029013,dél,Kedvtelési,
2026-07-09,Øresund,2026-07-09 04:31:35,219029805,észak,Kedvtelési,
2026-07-09,Øresund,2026-07-09 10:33:40,219029808,dél,Kedvtelési,
2026-07-09,Øresund,2026-07-09 13:06:26,219030779,dél,Kedvtelési,
2026-07-09,Øresund,2026-07-09 13:27:46,219031110,dél,Kedvtelési,
2026-07-09,Øresund,2026-07-09 08:49:47,219031749,észak,Kedvtelési,
2026-07-09,Øresund,2026-07-09 06:09:00,219031932,észak,Kedvtelési,
2026-07-09,Øresund,2026-07-09 04:28:38,219032011,észak,Kedvtelési,
2026-07-09,Øresund,2026-07-09 07:13:22,219032016,észak,Kedvtelési,
2026-07-09,Øresund,2026-07-09 15:33:41,219032063,észak,Kedvtelési,
2026-07-09,Øresund,2026-07-09 05:37:59,219032086,észak,Kedvtelési,
2026-07-09,Øresund,2026-07-09 15:16:11,219032092,észak,Kedvtelési,
2026-07-09,Øresund,2026-07-09 09:37:14,219032188,dél,Kedvtelési,
2026-07-09,Øresund,2026-07-09 06:34:25,219032564,észak,Kedvtelési,
2026-07-09,Øresund,2026-07-09 06:58:51,219032811,észak,Kedvtelési,
2026-07-09,Øresund,2026-07-09 05:50:01,219032933,dél,Kedvtelési,
2026-07-09,Øresund,2026-07-09 09:34:26,219034342,dél,Kedvtelési,
2026-07-09,Øresund,2026-07-09 15:10:26,219036060,dél,Kedvtelési,
2026-07-09,Øresund,2026-07-09 07:53:12,219036102,észak,Kedvtelési,
2026-07-09,Øresund,2026-07-09 05:59:19,219036530,észak,Kedvtelési,
2026-07-09,Øresund,2026-07-09 02:03:14,219304000,észak,Teherhajó,9.5
2026-07-09,Øresund,2026-07-09 05:46:31,219592000,dél,Személyszállító,6.4
2026-07-09,Øresund,2026-07-09 16:27:33,219592000,észak,Személyszállító,6.4
2026-07-09,Øresund,2026-07-09 20:10:02,219850000,észak,Szolgálati,5.4
2026-07-09,Øresund,2026-07-09 04:35:23,220000103,észak,Kedvtelési,
2026-07-09,Øresund,2026-07-09 17:40:23,227150480,észak,Kedvtelési,
2026-07-09,Øresund,2026-07-09 03:25:14,228037710,észak,Kedvtelési,
2026-07-09,Øresund,2026-07-09 16:12:07,230350000,dél,Teherhajó,6.6
2026-07-09,Øresund,2026-07-09 17:46:26,231875000,észak,Tanker,6.1
2026-07-09,Øresund,2026-07-09 18:44:51,236108000,észak,Teherhajó,5.2
2026-07-09,Øresund,2026-07-09 08:25:39,244010528,észak,Kedvtelési,
2026-07-09,Øresund,2026-07-09 14:41:31,244011629,dél,Kedvtelési,
2026-07-09,Øresund,2026-07-09 07:11:59,244013201,dél,Kedvtelési,
2026-07-09,Øresund,2026-07-09 04:48:47,244015082,dél,Kedvtelési,
2026-07-09,Øresund,2026-07-09 07:28:36,244184610,észak,Kedvtelési,
2026-07-09,Øresund,2026-07-09 06:21:29,244615399,észak,Kedvtelési,
2026-07-09,Øresund,2026-07-09 14:01:25,244678000,észak,Tanker,5.0
2026-07-09,Øresund,2026-07-09 18:00:28,245049000,észak,Teherhajó,6.3
2026-07-09,Øresund,2026-07-09 23:25:03,246141000,dél,Teherhajó,4.6
2026-07-09,Øresund,2026-07-09 02:25:32,246218000,dél,Teherhajó,3.9
2026-07-09,Øresund,2026-07-09 16:49:07,246272000,dél,Tanker,6.0
2026-07-09,Øresund,2026-07-09 02:58:13,247389200,dél,Személyszállító,8.6
2026-07-09,Øresund,2026-07-09 18:24:41,247389200,észak,Személyszállító,8.6
2026-07-09,Øresund,2026-07-09 00:50:15,249223000,észak,Tanker,5.4
2026-07-09,Øresund,2026-07-09 09:30:17,255805594,dél,Teherhajó,8.1
2026-07-09,Øresund,2026-07-09 20:02:52,255805594,észak,Teherhajó,8.1
2026-07-09,Øresund,2026-07-09 18:09:05,255806522,észak,Teherhajó,6.0
2026-07-09,Øresund,2026-07-09 17:11:58,255861000,dél,Teherhajó,5.6
2026-07-09,Øresund,2026-07-09 20:03:34,255915934,észak,Teherhajó,4.9
2026-07-09,Øresund,2026-07-09 05:54:32,255916070,észak,Teherhajó,4.7
2026-07-09,Øresund,2026-07-09 02:04:24,255916314,dél,Teherhajó,7.1
2026-07-09,Øresund,2026-07-09 22:10:59,255916314,észak,Teherhajó,7.1
2026-07-09,Øresund,2026-07-09 23:29:27,256608000,dél,Teherhajó,7.0
2026-07-09,Øresund,2026-07-09 19:46:14,256717000,észak,Tanker,5.0
2026-07-09,Øresund,2026-07-09 07:08:19,256959000,dél,Tanker,5.6
2026-07-09,Øresund,2026-07-09 19:28:10,257096430,dél,Kedvtelési,
2026-07-09,Øresund,2026-07-09 02:22:47,257588000,észak,Teherhajó,5.1
2026-07-09,Øresund,2026-07-09 03:32:59,257936180,észak,Kedvtelési,
2026-07-09,Øresund,2026-07-09 04:19:31,258004220,észak,Kedvtelési,
2026-07-09,Øresund,2026-07-09 23:56:12,258009780,észak,Teherhajó,5.5
2026-07-09,Øresund,2026-07-09 04:47:04,258185630,észak,Kedvtelési,
2026-07-09,Øresund,2026-07-09 19:52:09,258763000,észak,Teherhajó,6.6
2026-07-09,Øresund,2026-07-09 00:10:51,258809000,dél,Teherhajó,4.2
2026-07-09,Øresund,2026-07-09 22:12:35,258809000,észak,Teherhajó,4.2
2026-07-09,Øresund,2026-07-09 12:54:30,261004921,észak,Kedvtelési,
2026-07-09,Øresund,2026-07-09 17:23:20,261019290,észak,Kedvtelési,
2026-07-09,Øresund,2026-07-09 12:48:36,261028990,észak,Kedvtelési,
2026-07-09,Øresund,2026-07-09 07:43:31,261031210,észak,Kedvtelési,
2026-07-09,Øresund,2026-07-09 12:50:01,261038150,észak,Kedvtelési,
2026-07-09,Øresund,2026-07-09 05:20:11,261186540,észak,Kedvtelési,
2026-07-09,Øresund,2026-07-09 07:29:39,265006720,dél,Kedvtelési,
2026-07-09,Øresund,2026-07-09 09:33:09,265014770,észak,Kedvtelési,
2026-07-09,Øresund,2026-07-09 15:37:50,265015670,észak,Kedvtelési,
2026-07-09,Øresund,2026-07-09 04:34:09,265042840,észak,Kedvtelési,
2026-07-09,Øresund,2026-07-09 05:10:28,265042880,észak,Kedvtelési,
2026-07-09,Øresund,2026-07-09 10:48:16,265043260,észak,Kedvtelési,
2026-07-09,Øresund,2026-07-09 05:16:22,265056000,dél,Tanker,4.4
2026-07-09,Øresund,2026-07-09 14:34:32,265056000,észak,Tanker,4.4
2026-07-09,Øresund,2026-07-09 15:37:10,265061430,észak,Kedvtelési,
2026-07-09,Øresund,2026-07-09 15:58:09,265061430,dél,Kedvtelési,
2026-07-09,Øresund,2026-07-09 16:01:38,265061430,észak,Kedvtelési,
2026-07-09,Øresund,2026-07-09 03:58:52,265062110,észak,Kedvtelési,
2026-07-09,Øresund,2026-07-09 19:54:58,265065250,észak,Kedvtelési,
2026-07-09,Øresund,2026-07-09 05:27:45,265069300,észak,Kedvtelési,
2026-07-09,Øresund,2026-07-09 08:28:00,265073780,észak,Teherhajó,
2026-07-09,Øresund,2026-07-09 10:46:43,265079540,dél,Kedvtelési,
2026-07-09,Øresund,2026-07-09 04:43:41,265411000,észak,Teherhajó,6.9
2026-07-09,Øresund,2026-07-09 09:19:12,265504660,észak,Szolgálati,
2026-07-09,Øresund,2026-07-09 09:28:30,265504660,dél,Szolgálati,
2026-07-09,Øresund,2026-07-09 02:00:15,265514850,észak,Szolgálati,
2026-07-09,Øresund,2026-07-09 02:04:58,265514850,dél,Szolgálati,
2026-07-09,Øresund,2026-07-09 02:26:47,265514850,észak,Szolgálati,
2026-07-09,Øresund,2026-07-09 03:20:06,265514850,dél,Szolgálati,
2026-07-09,Øresund,2026-07-09 05:04:14,265514850,észak,Szolgálati,
2026-07-09,Øresund,2026-07-09 05:34:39,265514850,dél,Szolgálati,
2026-07-09,Øresund,2026-07-09 14:03:30,265514850,észak,Szolgálati,
2026-07-09,Øresund,2026-07-09 14:46:06,265514850,dél,Szolgálati,
2026-07-09,Øresund,2026-07-09 19:57:54,265514850,észak,Szolgálati,
2026-07-09,Øresund,2026-07-09 20:19:02,265514850,dél,Szolgálati,
2026-07-09,Øresund,2026-07-09 22:31:50,265514850,észak,Szolgálati,
2026-07-09,Øresund,2026-07-09 23:16:42,265514850,dél,Szolgálati,
2026-07-09,Øresund,2026-07-09 10:54:51,265515880,dél,Kedvtelési,
2026-07-09,Øresund,2026-07-09 08:28:07,265524680,észak,Kedvtelési,
2026-07-09,Øresund,2026-07-09 07:31:59,265542290,dél,Kedvtelési,
2026-07-09,Øresund,2026-07-09 10:03:21,265552550,dél,Kedvtelési,
2026-07-09,Øresund,2026-07-09 07:08:46,265570180,észak,Kedvtelési,
2026-07-09,Øresund,2026-07-09 23:18:10,265597250,dél,Kedvtelési,
2026-07-09,Øresund,2026-07-09 14:40:09,265641850,dél,Kedvtelési,
2026-07-09,Øresund,2026-07-09 08:27:19,265695970,észak,Kedvtelési,
2026-07-09,Øresund,2026-07-09 08:27:51,265695970,dél,Kedvtelési,
2026-07-09,Øresund,2026-07-09 08:30:49,265695970,észak,Kedvtelési,
2026-07-09,Øresund,2026-07-09 08:32:18,265695970,dél,Kedvtelési,
2026-07-09,Øresund,2026-07-09 08:32:53,265695970,észak,Kedvtelési,
2026-07-09,Øresund,2026-07-09 08:34:48,265695970,dél,Kedvtelési,
2026-07-09,Øresund,2026-07-09 08:36:49,265695970,észak,Kedvtelési,
2026-07-09,Øresund,2026-07-09 12:19:59,265700830,észak,Kedvtelési,
2026-07-09,Øresund,2026-07-09 10:10:50,265702880,dél,Kedvtelési,
2026-07-09,Øresund,2026-07-09 18:00:05,265708510,dél,Kedvtelési,
2026-07-09,Øresund,2026-07-09 05:40:05,265758930,észak,Kedvtelési,
2026-07-09,Øresund,2026-07-09 06:17:27,265764030,dél,Kedvtelési,
2026-07-09,Øresund,2026-07-09 20:00:36,265766640,észak,Kedvtelési,
2026-07-09,Øresund,2026-07-09 09:41:12,265783550,észak,Kedvtelési,
2026-07-09,Øresund,2026-07-09 11:17:40,265795930,dél,Kedvtelési,
2026-07-09,Øresund,2026-07-09 12:25:11,265797690,dél,Kedvtelési,
2026-07-09,Øresund,2026-07-09 16:13:58,265803230,dél,Kedvtelési,
2026-07-09,Øresund,2026-07-09 05:41:26,265818840,észak,Kedvtelési,
2026-07-09,Øresund,2026-07-09 08:41:20,265823250,dél,Kedvtelési,
2026-07-09,Øresund,2026-07-09 08:33:52,265824670,észak,Kedvtelési,
2026-07-09,Øresund,2026-07-09 20:46:52,266466000,észak,Tanker,5.6
2026-07-09,Øresund,2026-07-09 20:16:58,275535000,dél,Teherhajó,6.8
2026-07-09,Øresund,2026-07-09 00:23:09,275558000,észak,Teherhajó,6.6
2026-07-09,Øresund,2026-07-09 04:51:49,277199910,észak,Kedvtelési,
2026-07-09,Øresund,2026-07-09 22:13:20,304028000,észak,Teherhajó,2.7
2026-07-09,Øresund,2026-07-09 05:42:38,304050000,dél,Teherhajó,6.1
2026-07-09,Øresund,2026-07-09 20:21:59,305224000,dél,Teherhajó,6.6
2026-07-09,Øresund,2026-07-09 13:27:04,305411000,észak,Teherhajó,6.1
2026-07-09,Øresund,2026-07-09 06:55:22,305412000,dél,Teherhajó,7.7
2026-07-09,Øresund,2026-07-09 05:06:16,305715000,dél,Teherhajó,5.2
2026-07-09,Øresund,2026-07-09 05:48:03,311002018,dél,Teherhajó,6.7
2026-07-09,Øresund,2026-07-09 00:58:12,314035000,dél,Teherhajó,3.1
2026-07-09,Øresund,2026-07-09 13:31:47,314037000,észak,Teherhajó,4.2
2026-07-09,Øresund,2026-07-09 04:44:58,314377000,dél,Teherhajó,4.6
2026-07-09,Øresund,2026-07-09 07:24:49,352004714,dél,Teherhajó,7.3
2026-07-09,Øresund,2026-07-09 18:50:29,353083000,észak,Teherhajó,6.4
2026-07-09,Øresund,2026-07-09 05:38:00,371963000,dél,Teherhajó,7.2
2026-07-09,Øresund,2026-07-09 08:24:01,378114248,dél,Kedvtelési,
2026-07-09,Øresund,2026-07-09 19:27:07,440335000,dél,Tanker,5.8
2026-07-09,Øresund,2026-07-09 03:26:02,538003668,dél,Személyszállító,7.4
2026-07-09,Øresund,2026-07-09 21:22:00,538009926,dél,Tanker,6.9
2026-07-09,Øresund,2026-07-09 03:34:06,538011107,dél,Teherhajó,7.0
2026-07-09,Øresund,2026-07-09 01:31:28,538012045,dél,Személyszállító,5.8
2026-07-09,Øresund,2026-07-09 09:01:43,538072183,észak,Kedvtelési,2.7
2026-07-09,Øresund,2026-07-09 00:41:05,563326600,észak,Tanker,4.1
2026-07-09,Øresund,2026-07-09 08:31:42,636022074,dél,Tanker,7.4
2026-07-09,Øresund,2026-07-09 04:46:43,636023222,dél,Teherhajó,3.0
2026-07-09,Øresund,2026-07-09 22:37:17,636024961,dél,Teherhajó,7.0
2026-07-09,Øresund,2026-07-09 14:54:16,636025891,dél,Teherhajó,7.1
2026-07-09,Øresund,2026-07-09 17:38:41,636093331,dél,Teherhajó,7.0
2026-07-15,Nagy-Balti-öv,2026-07-15 04:54:36,209974000,észak,Teherhajó,5.0
2026-07-15,Nagy-Balti-öv,2026-07-15 15:14:32,209982000,észak,Teherhajó,3.3
2026-07-15,Nagy-Balti-öv,2026-07-15 17:40:18,210017000,észak,Teherhajó,8.3
2026-07-15,Nagy-Balti-öv,2026-07-15 10:32:18,210046000,dél,Teherhajó,3.7
2026-07-15,Nagy-Balti-öv,2026-07-15 11:26:18,211134990,dél,Kedvtelési,
2026-07-15,Nagy-Balti-öv,2026-07-15 10:04:28,211152940,észak,Kedvtelési,
2026-07-15,Nagy-Balti-öv,2026-07-15 13:50:01,211198560,észak,Kedvtelési,
2026-07-15,Nagy-Balti-öv,2026-07-15 10:31:20,211257590,dél,Kedvtelési,
2026-07-15,Nagy-Balti-öv,2026-07-15 08:20:37,211272550,észak,Kedvtelési,
2026-07-15,Nagy-Balti-öv,2026-07-15 07:09:37,211325990,dél,Kedvtelési,
2026-07-15,Nagy-Balti-öv,2026-07-15 13:16:36,211378950,észak,Kedvtelési,
2026-07-15,Nagy-Balti-öv,2026-07-15 08:12:37,211394040,észak,Kedvtelési,
2026-07-15,Nagy-Balti-öv,2026-07-15 17:49:03,211475280,észak,Kedvtelési,
2026-07-15,Nagy-Balti-öv,2026-07-15 00:57:30,211492500,észak,Kedvtelési,
2026-07-15,Nagy-Balti-öv,2026-07-15 15:14:12,211501210,észak,Kedvtelési,
2026-07-15,Nagy-Balti-öv,2026-07-15 02:34:05,211517200,észak,Halászhajó,3.1
2026-07-15,Nagy-Balti-öv,2026-07-15 08:58:22,211597200,észak,Kedvtelési,
2026-07-15,Nagy-Balti-öv,2026-07-15 09:21:35,211615760,dél,Kedvtelési,
2026-07-15,Nagy-Balti-öv,2026-07-15 10:05:06,211642580,észak,Kedvtelési,
2026-07-15,Nagy-Balti-öv,2026-07-15 09:32:15,211685780,észak,Kedvtelési,
2026-07-15,Nagy-Balti-öv,2026-07-15 10:07:39,211709290,dél,Kedvtelési,
2026-07-15,Nagy-Balti-öv,2026-07-15 10:17:59,211793030,dél,Kedvtelési,
2026-07-15,Nagy-Balti-öv,2026-07-15 10:05:16,211800270,észak,Kedvtelési,
2026-07-15,Nagy-Balti-öv,2026-07-15 10:39:07,211821010,észak,Kedvtelési,
2026-07-15,Nagy-Balti-öv,2026-07-15 06:33:49,211843770,dél,Kedvtelési,
2026-07-15,Nagy-Balti-öv,2026-07-15 03:38:36,211843910,észak,Kedvtelési,
2026-07-15,Nagy-Balti-öv,2026-07-15 13:21:39,211868730,észak,Kedvtelési,
2026-07-15,Nagy-Balti-öv,2026-07-15 11:52:12,211893020,észak,Kedvtelési,
2026-07-15,Nagy-Balti-öv,2026-07-15 21:34:08,215845000,dél,Tanker,14.8
2026-07-15,Nagy-Balti-öv,2026-07-15 12:30:15,218001960,észak,Kedvtelési,
2026-07-15,Nagy-Balti-öv,2026-07-15 23:43:08,218805000,dél,Teherhajó,5.5
2026-07-15,Nagy-Balti-öv,2026-07-15 09:27:10,219001284,dél,Teherhajó,2.1
2026-07-15,Nagy-Balti-öv,2026-07-15 18:57:38,219001317,észak,Személyszállító,1.8
2026-07-15,Nagy-Balti-öv,2026-07-15 11:33:27,219001617,dél,Kedvtelési,
2026-07-15,Nagy-Balti-öv,2026-07-15 07:17:18,219011074,észak,Szolgálati,0.6
2026-07-15,Nagy-Balti-öv,2026-07-15 07:43:43,219011074,dél,Szolgálati,0.6
2026-07-15,Nagy-Balti-öv,2026-07-15 23:45:33,219011491,észak,Szolgálati,3.5
2026-07-15,Nagy-Balti-öv,2026-07-15 11:07:19,219012268,észak,Kedvtelési,
2026-07-15,Nagy-Balti-öv,2026-07-15 09:01:05,219013652,dél,Kedvtelési,
2026-07-15,Nagy-Balti-öv,2026-07-15 06:11:17,219019938,dél,Kedvtelési,
2026-07-15,Nagy-Balti-öv,2026-07-15 13:37:57,219021122,dél,Kedvtelési,
2026-07-15,Nagy-Balti-öv,2026-07-15 12:29:17,219021844,észak,Kedvtelési,
2026-07-15,Nagy-Balti-öv,2026-07-15 07:44:00,219021849,dél,Kedvtelési,
2026-07-15,Nagy-Balti-öv,2026-07-15 09:06:49,219023961,észak,Kedvtelési,
2026-07-15,Nagy-Balti-öv,2026-07-15 10:22:03,219024219,észak,Kedvtelési,
2026-07-15,Nagy-Balti-öv,2026-07-15 06:32:12,219024831,dél,Kedvtelési,
2026-07-15,Nagy-Balti-öv,2026-07-15 06:33:04,219025461,dél,Kedvtelési,
2026-07-15,Nagy-Balti-öv,2026-07-15 01:05:19,219025574,észak,Egyéb / ismeretlen,3.9
2026-07-15,Nagy-Balti-öv,2026-07-15 06:34:03,219028065,dél,Kedvtelési,
2026-07-15,Nagy-Balti-öv,2026-07-15 13:30:59,219028798,dél,Egyéb / ismeretlen,
2026-07-15,Nagy-Balti-öv,2026-07-15 13:49:27,219028798,észak,Egyéb / ismeretlen,
2026-07-15,Nagy-Balti-öv,2026-07-15 22:29:35,219029880,dél,Tanker,8.9
2026-07-15,Nagy-Balti-öv,2026-07-15 04:36:30,219030511,dél,Kedvtelési,
2026-07-15,Nagy-Balti-öv,2026-07-15 07:27:50,219031300,észak,Kedvtelési,
2026-07-15,Nagy-Balti-öv,2026-07-15 08:31:06,219032016,dél,Kedvtelési,
2026-07-15,Nagy-Balti-öv,2026-07-15 11:18:00,219033160,észak,Kedvtelési,
2026-07-15,Nagy-Balti-öv,2026-07-15 17:11:52,219033645,észak,Kedvtelési,
2026-07-15,Nagy-Balti-öv,2026-07-15 11:57:15,219034121,észak,Kedvtelési,
2026-07-15,Nagy-Balti-öv,2026-07-15 08:04:10,219034240,dél,Kedvtelési,
2026-07-15,Nagy-Balti-öv,2026-07-15 08:27:53,219034567,észak,Kedvtelési,
2026-07-15,Nagy-Balti-öv,2026-07-15 10:59:49,219034739,észak,Kedvtelési,
2026-07-15,Nagy-Balti-öv,2026-07-15 16:30:08,219034743,dél,Kedvtelési,
2026-07-15,Nagy-Balti-öv,2026-07-15 09:38:41,219035150,észak,Kedvtelési,
2026-07-15,Nagy-Balti-öv,2026-07-15 13:39:05,219035370,észak,Kedvtelési,
2026-07-15,Nagy-Balti-öv,2026-07-15 11:44:07,219035396,észak,Kedvtelési,
2026-07-15,Nagy-Balti-öv,2026-07-15 00:25:46,220018000,észak,Tanker,5.0
2026-07-15,Nagy-Balti-öv,2026-07-15 06:44:00,231875000,dél,Tanker,8.7
2026-07-15,Nagy-Balti-öv,2026-07-15 11:50:58,244020343,dél,Kedvtelési,
2026-07-15,Nagy-Balti-öv,2026-07-15 10:27:31,244050225,észak,Kedvtelési,
2026-07-15,Nagy-Balti-öv,2026-07-15 09:31:48,244058390,észak,Kedvtelési,
2026-07-15,Nagy-Balti-öv,2026-07-15 06:37:07,244070841,észak,Kedvtelési,
2026-07-15,Nagy-Balti-öv,2026-07-15 11:41:51,244100877,észak,Kedvtelési,
2026-07-15,Nagy-Balti-öv,2026-07-15 14:21:39,244130091,észak,Kedvtelési,
2026-07-15,Nagy-Balti-öv,2026-07-15 11:22:02,244138420,észak,Kedvtelési,
2026-07-15,Nagy-Balti-öv,2026-07-15 14:58:04,244557000,észak,Teherhajó,3.5
2026-07-15,Nagy-Balti-öv,2026-07-15 10:09:05,244573022,észak,Kedvtelési,
2026-07-15,Nagy-Balti-öv,2026-07-15 11:06:44,244615145,észak,Kedvtelési,
2026-07-15,Nagy-Balti-öv,2026-07-15 12:53:30,248037000,dél,Tanker,6.0
2026-07-15,Nagy-Balti-öv,2026-07-15 19:05:13,249258000,észak,Teherhajó,10.5
2026-07-15,Nagy-Balti-öv,2026-07-15 17:25:25,249537000,dél,Teherhajó,7.5
2026-07-15,Nagy-Balti-öv,2026-07-15 11:41:26,255806257,észak,Teherhajó,11.0
2026-07-15,Nagy-Balti-öv,2026-07-15 02:22:49,255806435,észak,Teherhajó,10.8
2026-07-15,Nagy-Balti-öv,2026-07-15 04:06:46,255806445,dél,Személyszállító,7.7
2026-07-15,Nagy-Balti-öv,2026-07-15 02:33:51,255915849,dél,Teherhajó,4.6
2026-07-15,Nagy-Balti-öv,2026-07-15 09:02:53,255917243,észak,Teherhajó,6.4
2026-07-15,Nagy-Balti-öv,2026-07-15 12:02:40,256800000,észak,Teherhajó,10.0
2026-07-15,Nagy-Balti-öv,2026-07-15 02:54:28,257182000,dél,Személyszállító,6.9
2026-07-15,Nagy-Balti-öv,2026-07-15 16:52:36,257182000,észak,Személyszállító,6.9
2026-07-15,Nagy-Balti-öv,2026-07-15 10:29:03,257574350,dél,Kedvtelési,
2026-07-15,Nagy-Balti-öv,2026-07-15 08:25:57,257997880,észak,Kedvtelési,
2026-07-15,Nagy-Balti-öv,2026-07-15 09:27:21,265591680,dél,Kedvtelési,
2026-07-15,Nagy-Balti-öv,2026-07-15 12:55:31,265670160,észak,Kedvtelési,
2026-07-15,Nagy-Balti-öv,2026-07-15 12:51:11,265753590,észak,Kedvtelési,
2026-07-15,Nagy-Balti-öv,2026-07-15 12:10:14,265783800,észak,Kedvtelési,
2026-07-15,Nagy-Balti-öv,2026-07-15 11:59:54,265809440,észak,Kedvtelési,
2026-07-15,Nagy-Balti-öv,2026-07-15 01:45:09,266331000,dél,Személyszállító,6.0
2026-07-15,Nagy-Balti-öv,2026-07-15 21:07:54,266331000,észak,Személyszállító,6.0
2026-07-15,Nagy-Balti-öv,2026-07-15 16:34:27,273270940,észak,Tanker,15.0
2026-07-15,Nagy-Balti-öv,2026-07-15 01:36:16,304819000,észak,Teherhajó,6.5
2026-07-15,Nagy-Balti-öv,2026-07-15 10:38:48,304955000,dél,Tanker,5.1
2026-07-15,Nagy-Balti-öv,2026-07-15 17:47:01,305661000,dél,Teherhajó,3.6
2026-07-15,Nagy-Balti-öv,2026-07-15 00:17:04,310867000,dél,Személyszállító,8.3
2026-07-15,Nagy-Balti-öv,2026-07-15 14:53:28,311000153,észak,Teherhajó,10.1
2026-07-15,Nagy-Balti-öv,2026-07-15 18:02:20,311001816,dél,Teherhajó,5.7
2026-07-15,Nagy-Balti-öv,2026-07-15 00:50:28,311062300,észak,Teherhajó,6.7
2026-07-15,Nagy-Balti-öv,2026-07-15 06:00:48,352001928,észak,Teherhajó,3.1
2026-07-15,Nagy-Balti-öv,2026-07-15 02:43:13,352002605,dél,Teherhajó,14.6
2026-07-15,Nagy-Balti-öv,2026-07-15 18:47:37,352003109,észak,Teherhajó,14.4
2026-07-15,Nagy-Balti-öv,2026-07-15 23:21:05,352004977,dél,Teherhajó,5.6
2026-07-15,Nagy-Balti-öv,2026-07-15 18:29:06,354540000,észak,Teherhajó,10.1
2026-07-15,Nagy-Balti-öv,2026-07-15 05:39:36,366663000,dél,Teherhajó,8.3
2026-07-15,Nagy-Balti-öv,2026-07-15 23:48:15,370314000,dél,Teherhajó,9.2
2026-07-15,Nagy-Balti-öv,2026-07-15 07:49:07,371233000,dél,Teherhajó,10.5
2026-07-15,Nagy-Balti-öv,2026-07-15 00:52:14,461000233,észak,Tanker,14.7
2026-07-15,Nagy-Balti-öv,2026-07-15 00:44:13,477552100,észak,Teherhajó,10.6
2026-07-15,Nagy-Balti-öv,2026-07-15 21:41:23,477885500,dél,Teherhajó,10.7
2026-07-15,Nagy-Balti-öv,2026-07-15 00:01:16,511101602,észak,Tanker,12.2
2026-07-15,Nagy-Balti-öv,2026-07-15 21:12:49,538002629,észak,Teherhajó,14.3
2026-07-15,Nagy-Balti-öv,2026-07-15 16:34:22,538003690,észak,Teherhajó,10.5
2026-07-15,Nagy-Balti-öv,2026-07-15 22:43:11,538007446,dél,Teherhajó,7.6
2026-07-15,Nagy-Balti-öv,2026-07-15 16:15:16,538007511,észak,Tanker,15.0
2026-07-15,Nagy-Balti-öv,2026-07-15 12:51:40,538008007,észak,Teherhajó,10.2
2026-07-15,Nagy-Balti-öv,2026-07-15 11:17:06,538009398,észak,Teherhajó,10.5
2026-07-15,Nagy-Balti-öv,2026-07-15 05:41:18,563246600,észak,Teherhajó,10.6
2026-07-15,Nagy-Balti-öv,2026-07-15 22:35:59,572561220,észak,Tanker,9.6
2026-07-15,Nagy-Balti-öv,2026-07-15 08:31:03,577282000,észak,Teherhajó,6.8
2026-07-15,Nagy-Balti-öv,2026-07-15 17:41:15,631010121,észak,Tanker,9.2
2026-07-15,Nagy-Balti-öv,2026-07-15 02:27:00,636021172,észak,Tanker,8.2
2026-07-15,Nagy-Balti-öv,2026-07-15 14:47:03,636021568,dél,Tanker,9.8
2026-07-15,Nagy-Balti-öv,2026-07-15 10:09:59,636024611,észak,Teherhajó,7.4
2026-07-15,Nagy-Balti-öv,2026-07-15 01:14:26,636026606,észak,Teherhajó,7.9
2026-07-15,Nagy-Balti-öv,2026-07-15 07:00:08,667002344,észak,Teherhajó,10.6
2026-07-15,Øresund,2026-07-15 13:08:54,203246607,észak,Kedvtelési,
2026-07-15,Øresund,2026-07-15 23:41:06,209525000,dél,Teherhajó,6.2
2026-07-15,Øresund,2026-07-15 12:54:09,209535000,dél,Teherhajó,6.0
2026-07-15,Øresund,2026-07-15 09:28:25,209536000,dél,Teherhajó,6.0
2026-07-15,Øresund,2026-07-15 12:49:31,209621000,dél,Teherhajó,4.4
2026-07-15,Øresund,2026-07-15 11:47:01,209681000,észak,Teherhajó,5.5
2026-07-15,Øresund,2026-07-15 18:26:36,209892000,észak,Teherhajó,6.1
2026-07-15,Øresund,2026-07-15 14:30:54,209968000,észak,Teherhajó,4.1
2026-07-15,Øresund,2026-07-15 23:10:20,210223000,dél,Teherhajó,6.0
2026-07-15,Øresund,2026-07-15 23:15:49,210340000,dél,Tanker,6.3
2026-07-15,Øresund,2026-07-15 15:34:55,211163020,észak,Kedvtelési,
2026-07-15,Øresund,2026-07-15 07:27:47,211184650,észak,Kedvtelési,
2026-07-15,Øresund,2026-07-15 14:46:44,211269040,dél,Kedvtelési,
2026-07-15,Øresund,2026-07-15 11:21:12,211317180,észak,Teherhajó,7.4
2026-07-15,Øresund,2026-07-15 15:21:14,211583830,dél,Kedvtelési,
2026-07-15,Øresund,2026-07-15 14:29:18,211635380,dél,Kedvtelési,
2026-07-15,Øresund,2026-07-15 06:22:26,211686000,észak,Teherhajó,2.7
2026-07-15,Øresund,2026-07-15 04:01:17,212584000,észak,Teherhajó,4.6
2026-07-15,Øresund,2026-07-15 10:06:55,215622000,dél,Teherhajó,6.4
2026-07-15,Øresund,2026-07-15 10:24:12,218008180,dél,Kedvtelési,
2026-07-15,Øresund,2026-07-15 01:20:38,218816000,dél,Teherhajó,6.9
2026-07-15,Øresund,2026-07-15 13:58:55,218816000,észak,Teherhajó,6.9
2026-07-15,Øresund,2026-07-15 12:30:32,219000447,dél,Kedvtelési,
2026-07-15,Øresund,2026-07-15 05:27:47,219001253,észak,Szolgálati,3.2
2026-07-15,Øresund,2026-07-15 04:50:33,219001269,dél,Kedvtelési,
2026-07-15,Øresund,2026-07-15 05:34:55,219005059,észak,Szolgálati,2.5
2026-07-15,Øresund,2026-07-15 20:13:06,219006066,észak,Kedvtelési,
2026-07-15,Øresund,2026-07-15 11:59:11,219008518,dél,Kedvtelési,
2026-07-15,Øresund,2026-07-15 05:28:11,219010747,észak,Egyéb / ismeretlen,1.6
2026-07-15,Øresund,2026-07-15 06:49:09,219013614,észak,Kedvtelési,
2026-07-15,Øresund,2026-07-15 09:24:40,219013741,dél,Kedvtelési,
2026-07-15,Øresund,2026-07-15 15:01:24,219017025,észak,Személyszállító,
2026-07-15,Øresund,2026-07-15 16:21:13,219017025,dél,Személyszállító,
2026-07-15,Øresund,2026-07-15 07:07:51,219018248,észak,Kedvtelési,
2026-07-15,Øresund,2026-07-15 10:15:28,219018569,dél,Kedvtelési,
2026-07-15,Øresund,2026-07-15 00:50:58,219019067,észak,Tanker,2.5
2026-07-15,Øresund,2026-07-15 06:24:38,219019574,észak,Kedvtelési,
2026-07-15,Øresund,2026-07-15 18:56:15,219019888,dél,Kedvtelési,
2026-07-15,Øresund,2026-07-15 09:34:44,219020324,észak,Kedvtelési,
2026-07-15,Øresund,2026-07-15 09:05:28,219021596,észak,Szolgálati,2.0
2026-07-15,Øresund,2026-07-15 06:21:47,219022412,észak,Egyéb / ismeretlen,
2026-07-15,Øresund,2026-07-15 11:23:24,219022824,észak,Kedvtelési,
2026-07-15,Øresund,2026-07-15 10:08:21,219024710,észak,Kedvtelési,
2026-07-15,Øresund,2026-07-15 10:49:53,219024794,dél,Kedvtelési,
2026-07-15,Øresund,2026-07-15 14:58:29,219025095,dél,Kedvtelési,
2026-07-15,Øresund,2026-07-15 07:55:25,219026202,észak,Egyéb / ismeretlen,
2026-07-15,Øresund,2026-07-15 11:15:11,219026565,dél,Kedvtelési,
2026-07-15,Øresund,2026-07-15 09:04:31,219026996,észak,Kedvtelési,
2026-07-15,Øresund,2026-07-15 08:31:28,219028017,dél,Kedvtelési,
2026-07-15,Øresund,2026-07-15 08:55:40,219029155,dél,Kedvtelési,
2026-07-15,Øresund,2026-07-15 11:06:32,219029497,észak,Kedvtelési,
2026-07-15,Øresund,2026-07-15 13:17:49,219030311,dél,Kedvtelési,
2026-07-15,Øresund,2026-07-15 07:50:38,219031165,észak,Kedvtelési,
2026-07-15,Øresund,2026-07-15 17:30:14,219031423,dél,Szolgálati,3.6
2026-07-15,Øresund,2026-07-15 11:29:40,219031749,dél,Kedvtelési,
2026-07-15,Øresund,2026-07-15 14:13:30,219032748,dél,Kedvtelési,
2026-07-15,Øresund,2026-07-15 13:05:17,219033843,dél,Kedvtelési,
2026-07-15,Øresund,2026-07-15 13:01:13,219034782,dél,Kedvtelési,
2026-07-15,Øresund,2026-07-15 07:48:17,219035735,észak,Kedvtelési,
2026-07-15,Øresund,2026-07-15 07:59:23,219035735,dél,Kedvtelési,
2026-07-15,Øresund,2026-07-15 08:52:07,219035735,észak,Kedvtelési,
2026-07-15,Øresund,2026-07-15 08:52:37,219035735,dél,Kedvtelési,
2026-07-15,Øresund,2026-07-15 02:58:39,219355000,dél,Tanker,6.3
2026-07-15,Øresund,2026-07-15 15:58:48,219355000,észak,Tanker,6.3
2026-07-15,Øresund,2026-07-15 05:51:40,219592000,dél,Személyszállító,6.4
2026-07-15,Øresund,2026-07-15 16:26:13,219592000,észak,Személyszállító,6.4
2026-07-15,Øresund,2026-07-15 13:40:01,230011440,dél,Kedvtelési,
2026-07-15,Øresund,2026-07-15 12:10:23,230012890,dél,Kedvtelési,
2026-07-15,Øresund,2026-07-15 07:10:17,231836000,dél,Teherhajó,9.5
2026-07-15,Øresund,2026-07-15 10:19:56,231917000,észak,Tanker,5.3
2026-07-15,Øresund,2026-07-15 15:06:33,232018251,észak,Kedvtelési,
2026-07-15,Øresund,2026-07-15 10:01:47,241962000,észak,Tanker,6.9
2026-07-15,Øresund,2026-07-15 08:25:43,244000984,észak,Kedvtelési,
2026-07-15,Øresund,2026-07-15 07:36:40,244013321,észak,Kedvtelési,
2026-07-15,Øresund,2026-07-15 09:36:42,244026492,észak,Kedvtelési,
2026-07-15,Øresund,2026-07-15 13:17:40,244140468,észak,Teherhajó,7.2
2026-07-15,Øresund,2026-07-15 21:25:00,244730469,észak,Teherhajó,3.2
2026-07-15,Øresund,2026-07-15 04:49:41,244784000,észak,Tanker,5.5
2026-07-15,Øresund,2026-07-15 05:13:37,244850612,észak,Teherhajó,6.7
2026-07-15,Øresund,2026-07-15 05:00:50,245169000,dél,Teherhajó,5.1
2026-07-15,Øresund,2026-07-15 17:18:08,245766000,dél,Teherhajó,4.7
2026-07-15,Øresund,2026-07-15 22:17:46,246782000,dél,Teherhajó,4.2
2026-07-15,Øresund,2026-07-15 12:58:46,247489200,dél,Teherhajó,6.1
2026-07-15,Øresund,2026-07-15 09:05:05,249000465,dél,Kedvtelési,
2026-07-15,Øresund,2026-07-15 00:47:11,249223000,észak,Tanker,5.6
2026-07-15,Øresund,2026-07-15 22:37:43,255768000,észak,Teherhajó,6.7
2026-07-15,Øresund,2026-07-15 02:51:15,255805955,észak,Teherhajó,6.0
2026-07-15,Øresund,2026-07-15 08:34:38,255915582,észak,Teherhajó,5.6
2026-07-15,Øresund,2026-07-15 06:03:23,255953000,dél,Tanker,6.5
2026-07-15,Øresund,2026-07-15 00:51:13,257207000,dél,Teherhajó,6.5
2026-07-15,Øresund,2026-07-15 12:14:16,257374000,észak,Tanker,6.6
2026-07-15,Øresund,2026-07-15 14:24:11,257550000,dél,Tanker,7.2
2026-07-15,Øresund,2026-07-15 08:04:20,257747880,észak,Kedvtelési,
2026-07-15,Øresund,2026-07-15 14:33:50,258018830,dél,Kedvtelési,
2026-07-15,Øresund,2026-07-15 23:06:36,258209000,észak,Teherhajó,5.5
2026-07-15,Øresund,2026-07-15 16:05:57,261208000,észak,Teherhajó,5.2
2026-07-15,Øresund,2026-07-15 10:32:01,265008020,észak,Kedvtelési,
2026-07-15,Øresund,2026-07-15 14:27:57,265034630,dél,Kedvtelési,
2026-07-15,Øresund,2026-07-15 06:47:19,265037160,dél,Kedvtelési,
2026-07-15,Øresund,2026-07-15 15:33:16,265045770,dél,Kedvtelési,
2026-07-15,Øresund,2026-07-15 01:02:49,265052000,dél,Teherhajó,6.3
2026-07-15,Øresund,2026-07-15 07:45:09,265068710,észak,Kedvtelési,
2026-07-15,Øresund,2026-07-15 07:06:12,265068750,észak,Kedvtelési,
2026-07-15,Øresund,2026-07-15 23:18:22,265069590,dél,Kedvtelési,
2026-07-15,Øresund,2026-07-15 10:05:14,265083260,dél,Kedvtelési,
2026-07-15,Øresund,2026-07-15 16:55:44,265182000,észak,Egyéb / ismeretlen,8.5
2026-07-15,Øresund,2026-07-15 07:10:33,265504660,észak,Szolgálati,
2026-07-15,Øresund,2026-07-15 07:11:31,265504660,dél,Szolgálati,
2026-07-15,Øresund,2026-07-15 09:14:03,265504660,észak,Szolgálati,
2026-07-15,Øresund,2026-07-15 09:48:35,265504660,dél,Szolgálati,
2026-07-15,Øresund,2026-07-15 11:11:36,265504660,észak,Szolgálati,
2026-07-15,Øresund,2026-07-15 11:47:32,265504660,dél,Szolgálati,
2026-07-15,Øresund,2026-07-15 13:39:59,265504660,észak,Szolgálati,
2026-07-15,Øresund,2026-07-15 14:18:11,265504660,dél,Szolgálati,
2026-07-15,Øresund,2026-07-15 18:56:40,265504660,észak,Szolgálati,
2026-07-15,Øresund,2026-07-15 19:46:16,265504660,dél,Szolgálati,
2026-07-15,Øresund,2026-07-15 12:50:36,265535590,dél,Kedvtelési,
2026-07-15,Øresund,2026-07-15 08:57:45,265570180,dél,Kedvtelési,
2026-07-15,Øresund,2026-07-15 09:19:57,265591520,dél,Kedvtelési,
2026-07-15,Øresund,2026-07-15 09:50:35,265653060,észak,Kedvtelési,
2026-07-15,Øresund,2026-07-15 17:12:16,265668960,dél,Kedvtelési,
2026-07-15,Øresund,2026-07-15 10:35:22,265675930,dél,Kedvtelési,
2026-07-15,Øresund,2026-07-15 07:59:30,265679720,dél,Kedvtelési,
2026-07-15,Øresund,2026-07-15 10:13:02,265680450,dél,Kedvtelési,
2026-07-15,Øresund,2026-07-15 14:05:56,265688220,észak,Kedvtelési,
2026-07-15,Øresund,2026-07-15 09:23:52,265707730,dél,Kedvtelési,
2026-07-15,Øresund,2026-07-15 16:06:21,265715420,dél,Kedvtelési,
2026-07-15,Øresund,2026-07-15 09:58:43,265721240,észak,Kedvtelési,
2026-07-15,Øresund,2026-07-15 09:25:23,265734020,észak,Kedvtelési,
2026-07-15,Øresund,2026-07-15 05:36:15,265755710,dél,Kedvtelési,
2026-07-15,Øresund,2026-07-15 10:04:54,265808540,észak,Kedvtelési,
2026-07-15,Øresund,2026-07-15 14:42:35,265818930,észak,Kedvtelési,
2026-07-15,Øresund,2026-07-15 14:51:02,265818930,dél,Kedvtelési,
2026-07-15,Øresund,2026-07-15 14:55:31,265818930,észak,Kedvtelési,
2026-07-15,Øresund,2026-07-15 07:33:03,265833660,dél,Kedvtelési,
2026-07-15,Øresund,2026-07-15 14:03:14,266466000,észak,Tanker,5.5
2026-07-15,Øresund,2026-07-15 10:21:20,269073000,dél,Kedvtelési,
2026-07-15,Øresund,2026-07-15 21:26:51,273453010,észak,Tanker,6.5
2026-07-15,Øresund,2026-07-15 06:18:25,277407000,dél,Kedvtelési,
2026-07-15,Øresund,2026-07-15 17:47:21,304444000,dél,Teherhajó,6.4
2026-07-15,Øresund,2026-07-15 02:39:09,304627000,észak,Teherhajó,4.1
2026-07-15,Øresund,2026-07-15 11:43:58,304972000,észak,Teherhajó,7.0
2026-07-15,Øresund,2026-07-15 12:30:36,305507000,észak,Teherhajó,7.3
2026-07-15,Øresund,2026-07-15 13:42:45,305511000,dél,Teherhajó,6.0
2026-07-15,Øresund,2026-07-15 01:19:26,305967000,dél,Teherhajó,3.2
2026-07-15,Øresund,2026-07-15 18:14:53,311001044,észak,Személyszállító,6.7
2026-07-15,Øresund,2026-07-15 10:39:08,311001791,észak,Teherhajó,6.7
2026-07-15,Øresund,2026-07-15 08:05:33,311536000,dél,Személyszállító,7.6
2026-07-15,Øresund,2026-07-15 18:38:39,314001020,észak,Tanker,6.7
2026-07-15,Øresund,2026-07-15 13:58:46,314001077,dél,Tanker,7.3
2026-07-15,Øresund,2026-07-15 01:45:18,314473000,dél,Teherhajó,3.4
2026-07-15,Øresund,2026-07-15 06:38:59,314605000,észak,Teherhajó,3.5
2026-07-15,Øresund,2026-07-15 06:56:46,353738000,dél,Teherhajó,7.4
2026-07-15,Øresund,2026-07-15 13:06:36,370727000,dél,Teherhajó,7.2
2026-07-15,Øresund,2026-07-15 14:33:14,477961500,dél,Teherhajó,7.0
2026-07-15,Øresund,2026-07-15 02:24:39,538006842,dél,Személyszállító,6.0
2026-07-15,Øresund,2026-07-15 07:13:51,636023944,észak,Teherhajó,7.9
2026-07-15,Øresund,2026-07-15 07:48:22,636024043,dél,Tanker,5.7
2026-07-15,Øresund,2026-07-15 20:03:28,636024670,dél,Teherhajó,6.8
2026-07-15,Øresund,2026-07-15 16:37:23,636025355,dél,Teherhajó,7.0
2026-07-15,Øresund,2026-07-15 12:05:13,636025421,dél,Teherhajó,7.0
2026-07-15,Øresund,2026-07-15 08:15:14,636026119,dél,Teherhajó,6.0
2026-07-15,Øresund,2026-07-15 13:54:51,636093385,dél,Teherhajó,7.5
2026-07-15,Øresund,2026-07-15 08:38:35,667002589,dél,Tanker,5.5
2026-07-16,Nagy-Balti-öv,2026-07-16 06:14:26,205228000,észak,Tanker,9.5
2026-07-16,Nagy-Balti-öv,2026-07-16 06:14:02,207138000,észak,Teherhajó,7.9
2026-07-16,Nagy-Balti-öv,2026-07-16 05:59:37,211148900,dél,Kedvtelési,
2026-07-16,Nagy-Balti-öv,2026-07-16 11:29:18,211153440,észak,Kedvtelési,
2026-07-16,Nagy-Balti-öv,2026-07-16 12:02:53,211181890,észak,Kedvtelési,
2026-07-16,Nagy-Balti-öv,2026-07-16 11:29:01,211245130,észak,Kedvtelési,1.6
2026-07-16,Nagy-Balti-öv,2026-07-16 06:16:23,211258420,észak,Kedvtelési,
2026-07-16,Nagy-Balti-öv,2026-07-16 15:15:32,211293330,dél,Kedvtelési,
2026-07-16,Nagy-Balti-öv,2026-07-16 13:08:43,211364600,észak,Kedvtelési,
2026-07-16,Nagy-Balti-öv,2026-07-16 09:36:21,211386340,észak,Kedvtelési,
2026-07-16,Nagy-Balti-öv,2026-07-16 09:14:12,211399740,észak,Kedvtelési,
2026-07-16,Nagy-Balti-öv,2026-07-16 11:16:53,211489630,észak,Kedvtelési,
2026-07-16,Nagy-Balti-öv,2026-07-16 12:08:29,211532790,észak,Kedvtelési,
2026-07-16,Nagy-Balti-öv,2026-07-16 06:06:47,211638270,dél,Kedvtelési,
2026-07-16,Nagy-Balti-öv,2026-07-16 10:00:17,211669330,észak,Kedvtelési,
2026-07-16,Nagy-Balti-öv,2026-07-16 08:49:06,211755800,észak,Kedvtelési,
2026-07-16,Nagy-Balti-öv,2026-07-16 09:50:38,211765630,észak,Kedvtelési,
2026-07-16,Nagy-Balti-öv,2026-07-16 09:04:37,211796140,észak,Kedvtelési,
2026-07-16,Nagy-Balti-öv,2026-07-16 08:21:16,211817500,észak,Kedvtelési,
2026-07-16,Nagy-Balti-öv,2026-07-16 10:35:02,211819840,észak,Kedvtelési,
2026-07-16,Nagy-Balti-öv,2026-07-16 00:35:44,219001262,észak,Szolgálati,2.0
2026-07-16,Nagy-Balti-öv,2026-07-16 10:10:48,219002187,észak,Kedvtelési,
2026-07-16,Nagy-Balti-öv,2026-07-16 11:02:44,219004897,észak,Kedvtelési,
2026-07-16,Nagy-Balti-öv,2026-07-16 17:56:00,219007184,észak,Kedvtelési,
2026-07-16,Nagy-Balti-öv,2026-07-16 20:15:59,219009969,dél,Kedvtelési,
2026-07-16,Nagy-Balti-öv,2026-07-16 13:31:39,219010291,dél,Kedvtelési,
2026-07-16,Nagy-Balti-öv,2026-07-16 20:56:08,219011021,dél,Szolgálati,2.0
2026-07-16,Nagy-Balti-öv,2026-07-16 06:41:14,219011104,észak,Kedvtelési,0.9
2026-07-16,Nagy-Balti-öv,2026-07-16 18:59:02,219011491,dél,Szolgálati,3.5
2026-07-16,Nagy-Balti-öv,2026-07-16 11:53:44,219011838,dél,Kedvtelési,
2026-07-16,Nagy-Balti-öv,2026-07-16 16:44:18,219014875,észak,Szolgálati,5.4
2026-07-16,Nagy-Balti-öv,2026-07-16 10:23:19,219015351,észak,Kedvtelési,
2026-07-16,Nagy-Balti-öv,2026-07-16 10:03:00,219018537,észak,Kedvtelési,
2026-07-16,Nagy-Balti-öv,2026-07-16 08:24:23,219021681,dél,Kedvtelési,
2026-07-16,Nagy-Balti-öv,2026-07-16 10:10:08,219024494,dél,Kedvtelési,
2026-07-16,Nagy-Balti-öv,2026-07-16 05:30:06,219024940,dél,Kedvtelési,
2026-07-16,Nagy-Balti-öv,2026-07-16 08:04:19,219026582,dél,Kedvtelési,
2026-07-16,Nagy-Balti-öv,2026-07-16 11:20:12,219027380,észak,Kedvtelési,
2026-07-16,Nagy-Balti-öv,2026-07-16 13:13:50,219028450,dél,Kedvtelési,
2026-07-16,Nagy-Balti-öv,2026-07-16 07:13:45,219028783,észak,Kedvtelési,
2026-07-16,Nagy-Balti-öv,2026-07-16 07:26:31,219029027,észak,Kedvtelési,
2026-07-16,Nagy-Balti-öv,2026-07-16 10:20:27,219029059,észak,Kedvtelési,
2026-07-16,Nagy-Balti-öv,2026-07-16 10:36:00,219029288,észak,Kedvtelési,
2026-07-16,Nagy-Balti-öv,2026-07-16 13:55:28,219030000,dél,Szolgálati,5.5
2026-07-16,Nagy-Balti-öv,2026-07-16 09:59:25,219030273,észak,Kedvtelési,
2026-07-16,Nagy-Balti-öv,2026-07-16 09:29:00,219030604,észak,Kedvtelési,
2026-07-16,Nagy-Balti-öv,2026-07-16 13:36:07,219032764,észak,Kedvtelési,
2026-07-16,Nagy-Balti-öv,2026-07-16 15:16:44,228432700,dél,Tanker,11.5
2026-07-16,Nagy-Balti-öv,2026-07-16 01:07:38,229416000,dél,Tanker,11.7
2026-07-16,Nagy-Balti-öv,2026-07-16 22:22:58,232049178,észak,Teherhajó,10.6
2026-07-16,Nagy-Balti-öv,2026-07-16 09:10:29,235090784,dél,Kedvtelési,
2026-07-16,Nagy-Balti-öv,2026-07-16 18:59:03,241760000,dél,Egyéb / ismeretlen,7.4
2026-07-16,Nagy-Balti-öv,2026-07-16 08:26:05,244013247,észak,Kedvtelési,
2026-07-16,Nagy-Balti-öv,2026-07-16 12:51:59,244150473,észak,Kedvtelési,
2026-07-16,Nagy-Balti-öv,2026-07-16 09:00:45,244373132,észak,Kedvtelési,
2026-07-16,Nagy-Balti-öv,2026-07-16 11:35:22,244770622,dél,Kedvtelési,
2026-07-16,Nagy-Balti-öv,2026-07-16 21:52:57,244830814,dél,Teherhajó,5.2
2026-07-16,Nagy-Balti-öv,2026-07-16 14:16:41,244870327,dél,Szolgálati,4.7
2026-07-16,Nagy-Balti-öv,2026-07-16 21:15:10,247353700,dél,Személyszállító,8.5
2026-07-16,Nagy-Balti-öv,2026-07-16 16:58:57,248037000,észak,Tanker,7.5
2026-07-16,Nagy-Balti-öv,2026-07-16 19:14:29,248794000,észak,Teherhajó,10.4
2026-07-16,Nagy-Balti-öv,2026-07-16 12:08:12,248993000,dél,Tanker,8.6
2026-07-16,Nagy-Balti-öv,2026-07-16 15:42:53,249142000,észak,Teherhajó,10.3
2026-07-16,Nagy-Balti-öv,2026-07-16 00:03:41,249470000,észak,Teherhajó,12.8
2026-07-16,Nagy-Balti-öv,2026-07-16 11:00:11,255805980,dél,Teherhajó,5.5
2026-07-16,Nagy-Balti-öv,2026-07-16 00:48:29,255805981,észak,Teherhajó,5.1
2026-07-16,Nagy-Balti-öv,2026-07-16 09:34:55,255915963,dél,Teherhajó,14.5
2026-07-16,Nagy-Balti-öv,2026-07-16 15:21:14,255916070,dél,Teherhajó,3.7
2026-07-16,Nagy-Balti-öv,2026-07-16 22:42:13,255916099,észak,Teherhajó,5.0
2026-07-16,Nagy-Balti-öv,2026-07-16 07:40:34,256708000,észak,Teherhajó,10.0
2026-07-16,Nagy-Balti-öv,2026-07-16 09:51:47,257044760,dél,Kedvtelési,
2026-07-16,Nagy-Balti-öv,2026-07-16 01:31:16,257064430,dél,Teherhajó,6.3
2026-07-16,Nagy-Balti-öv,2026-07-16 19:00:21,257064430,észak,Teherhajó,6.3
2026-07-16,Nagy-Balti-öv,2026-07-16 09:53:42,257432750,észak,Kedvtelési,
2026-07-16,Nagy-Balti-öv,2026-07-16 05:00:10,257965940,dél,Kedvtelési,
2026-07-16,Nagy-Balti-öv,2026-07-16 05:24:10,257965940,észak,Kedvtelési,
2026-07-16,Nagy-Balti-öv,2026-07-16 05:48:39,257965940,dél,Kedvtelési,
2026-07-16,Nagy-Balti-öv,2026-07-16 10:43:23,258138240,észak,Kedvtelési,
2026-07-16,Nagy-Balti-öv,2026-07-16 05:14:55,258761000,észak,Teherhajó,4.5
2026-07-16,Nagy-Balti-öv,2026-07-16 15:00:40,258763000,dél,Teherhajó,6.2
2026-07-16,Nagy-Balti-öv,2026-07-16 01:51:23,258809000,dél,Teherhajó,6.3
2026-07-16,Nagy-Balti-öv,2026-07-16 18:21:24,258809000,észak,Teherhajó,6.3
2026-07-16,Nagy-Balti-öv,2026-07-16 10:35:25,259026740,észak,Kedvtelési,
2026-07-16,Nagy-Balti-öv,2026-07-16 03:09:30,259222000,dél,Személyszállító,6.9
2026-07-16,Nagy-Balti-öv,2026-07-16 20:11:55,259222000,észak,Személyszállító,6.9
2026-07-16,Nagy-Balti-öv,2026-07-16 10:32:57,265021150,észak,Kedvtelési,
2026-07-16,Nagy-Balti-öv,2026-07-16 09:20:18,265046040,dél,Kedvtelési,
2026-07-16,Nagy-Balti-öv,2026-07-16 11:29:18,265049780,észak,Kedvtelési,
2026-07-16,Nagy-Balti-öv,2026-07-16 11:22:53,265251000,dél,Kedvtelési,2.4
2026-07-16,Nagy-Balti-öv,2026-07-16 12:14:31,265543810,észak,Kedvtelési,
2026-07-16,Nagy-Balti-öv,2026-07-16 08:47:56,265764030,észak,Kedvtelési,
2026-07-16,Nagy-Balti-öv,2026-07-16 10:30:11,265782760,észak,Kedvtelési,
2026-07-16,Nagy-Balti-öv,2026-07-16 11:57:03,265831530,észak,Kedvtelési,
2026-07-16,Nagy-Balti-öv,2026-07-16 01:28:31,266343000,dél,Személyszállító,6.0
2026-07-16,Nagy-Balti-öv,2026-07-16 20:53:49,266343000,észak,Személyszállító,6.0
2026-07-16,Nagy-Balti-öv,2026-07-16 20:24:13,273611590,észak,Tanker,14.1
2026-07-16,Nagy-Balti-öv,2026-07-16 11:44:37,304219000,dél,Teherhajó,9.7
2026-07-16,Nagy-Balti-öv,2026-07-16 02:13:56,305426000,észak,Teherhajó,6.6
2026-07-16,Nagy-Balti-öv,2026-07-16 20:32:39,308121000,észak,Teherhajó,9.9
2026-07-16,Nagy-Balti-öv,2026-07-16 21:43:03,311000782,dél,Teherhajó,8.1
2026-07-16,Nagy-Balti-öv,2026-07-16 00:45:29,311001909,dél,Teherhajó,3.5
2026-07-16,Nagy-Balti-öv,2026-07-16 22:23:47,352003965,észak,Teherhajó,10.9
2026-07-16,Nagy-Balti-öv,2026-07-16 04:30:29,352005037,dél,Teherhajó,10.0
2026-07-16,Nagy-Balti-öv,2026-07-16 07:10:41,352005437,dél,Tanker,8.0
2026-07-16,Nagy-Balti-öv,2026-07-16 07:49:53,354537000,dél,Teherhajó,10.0
2026-07-16,Nagy-Balti-öv,2026-07-16 22:48:10,533130869,észak,Tanker,8.8
2026-07-16,Nagy-Balti-öv,2026-07-16 13:18:16,538003905,észak,Teherhajó,11.3
2026-07-16,Nagy-Balti-öv,2026-07-16 20:59:27,538006198,dél,Tanker,12.8
2026-07-16,Nagy-Balti-öv,2026-07-16 16:49:54,538009930,észak,Tanker,14.2
2026-07-16,Nagy-Balti-öv,2026-07-16 23:32:11,538011062,észak,Teherhajó,10.7
2026-07-16,Nagy-Balti-öv,2026-07-16 16:36:16,538012432,észak,Tanker,6.0
2026-07-16,Nagy-Balti-öv,2026-07-16 07:07:40,572116220,észak,Tanker,9.2
2026-07-16,Nagy-Balti-öv,2026-07-16 20:20:44,636016432,észak,Teherhajó,10.4
2026-07-16,Nagy-Balti-öv,2026-07-16 02:44:08,636020805,észak,Tanker,8.9
2026-07-16,Nagy-Balti-öv,2026-07-16 21:08:37,636023947,dél,Tanker,13.3
2026-07-16,Nagy-Balti-öv,2026-07-16 08:53:47,636024120,dél,Teherhajó,13.4
2026-07-16,Nagy-Balti-öv,2026-07-16 23:03:34,636024515,észak,Teherhajó,13.9
2026-07-16,Øresund,2026-07-16 11:38:51,205381430,dél,Kedvtelési,
2026-07-16,Øresund,2026-07-16 10:04:44,209114000,dél,Teherhajó,3.4
2026-07-16,Øresund,2026-07-16 05:41:19,209325000,dél,Teherhajó,5.7
2026-07-16,Øresund,2026-07-16 17:47:01,209535000,észak,Teherhajó,3.9
2026-07-16,Øresund,2026-07-16 08:40:58,209974000,dél,Teherhajó,3.6
2026-07-16,Øresund,2026-07-16 10:25:25,210504000,észak,Teherhajó,7.3
2026-07-16,Øresund,2026-07-16 12:02:40,210620000,észak,Tanker,4.9
2026-07-16,Øresund,2026-07-16 00:14:38,210695000,dél,Teherhajó,4.3
2026-07-16,Øresund,2026-07-16 10:06:23,211257740,dél,Kedvtelési,
2026-07-16,Øresund,2026-07-16 17:24:15,211312800,dél,Kedvtelési,
2026-07-16,Øresund,2026-07-16 11:08:05,211330140,dél,Kedvtelési,
2026-07-16,Øresund,2026-07-16 02:50:37,211368540,észak,Kedvtelési,
2026-07-16,Øresund,2026-07-16 10:14:38,211424360,dél,Kedvtelési,
2026-07-16,Øresund,2026-07-16 09:55:35,211450180,észak,Kedvtelési,
2026-07-16,Øresund,2026-07-16 06:18:21,211460120,észak,Kedvtelési,
2026-07-16,Øresund,2026-07-16 08:05:41,211468410,észak,Kedvtelési,
2026-07-16,Øresund,2026-07-16 11:26:30,211501960,dél,Kedvtelési,
2026-07-16,Øresund,2026-07-16 19:41:14,211558140,dél,Kedvtelési,
2026-07-16,Øresund,2026-07-16 09:22:53,211563180,dél,Kedvtelési,
2026-07-16,Øresund,2026-07-16 07:34:20,211597600,dél,Kedvtelési,
2026-07-16,Øresund,2026-07-16 05:57:43,211607880,észak,Kedvtelési,
2026-07-16,Øresund,2026-07-16 09:58:33,211628160,észak,Kedvtelési,
2026-07-16,Øresund,2026-07-16 08:05:15,211862890,észak,Kedvtelési,
2026-07-16,Øresund,2026-07-16 09:47:37,211891280,dél,Kedvtelési,
2026-07-16,Øresund,2026-07-16 06:05:00,212228000,dél,Tanker,6.2
2026-07-16,Øresund,2026-07-16 11:02:14,212949000,dél,Teherhajó,5.3
2026-07-16,Øresund,2026-07-16 01:39:02,215001000,dél,Személyszállító,6.0
2026-07-16,Øresund,2026-07-16 18:25:25,215994000,dél,Tanker,6.4
2026-07-16,Øresund,2026-07-16 07:52:57,219000435,dél,Kedvtelési,
2026-07-16,Øresund,2026-07-16 06:07:49,219001759,észak,Kedvtelési,
2026-07-16,Øresund,2026-07-16 20:19:20,219003378,észak,Kedvtelési,
2026-07-16,Øresund,2026-07-16 17:02:21,219003406,dél,Szolgálati,2.5
2026-07-16,Øresund,2026-07-16 07:42:06,219004318,észak,Kedvtelési,
2026-07-16,Øresund,2026-07-16 07:46:56,219005904,észak,Halászhajó,
2026-07-16,Øresund,2026-07-16 07:56:27,219005904,dél,Halászhajó,
2026-07-16,Øresund,2026-07-16 06:32:51,219007738,észak,Személyszállító,
2026-07-16,Øresund,2026-07-16 12:32:22,219008757,dél,Kedvtelési,
2026-07-16,Øresund,2026-07-16 08:39:35,219011023,dél,Kedvtelési,
2026-07-16,Øresund,2026-07-16 17:01:41,219015579,dél,Szolgálati,3.0
2026-07-16,Øresund,2026-07-16 14:58:22,219017025,észak,Személyszállító,
2026-07-16,Øresund,2026-07-16 16:11:23,219017025,dél,Személyszállító,
2026-07-16,Øresund,2026-07-16 12:10:12,219020282,észak,Kedvtelési,
2026-07-16,Øresund,2026-07-16 11:33:29,219020324,dél,Kedvtelési,
2026-07-16,Øresund,2026-07-16 08:28:34,219021105,dél,Kedvtelési,
2026-07-16,Øresund,2026-07-16 20:27:23,219021926,észak,Kedvtelési,
2026-07-16,Øresund,2026-07-16 11:06:32,219022141,dél,Kedvtelési,
2026-07-16,Øresund,2026-07-16 16:50:38,219022301,dél,Kedvtelési,
2026-07-16,Øresund,2026-07-16 15:11:14,219022562,dél,Kedvtelési,
2026-07-16,Øresund,2026-07-16 09:40:34,219025528,észak,Szolgálati,2.8
2026-07-16,Øresund,2026-07-16 04:50:13,219025998,dél,Kedvtelési,
2026-07-16,Øresund,2026-07-16 09:03:52,219026391,észak,Kedvtelési,
2026-07-16,Øresund,2026-07-16 10:05:07,219026633,észak,Kedvtelési,
2026-07-16,Øresund,2026-07-16 12:43:11,219026834,dél,Kedvtelési,
2026-07-16,Øresund,2026-07-16 09:38:23,219026894,észak,Kedvtelési,
2026-07-16,Øresund,2026-07-16 09:29:34,219027869,észak,Kedvtelési,
2026-07-16,Øresund,2026-07-16 14:12:45,219028031,dél,Kedvtelési,
2026-07-16,Øresund,2026-07-16 07:34:57,219028243,észak,Kedvtelési,
2026-07-16,Øresund,2026-07-16 08:41:42,219028636,észak,Kedvtelési,
2026-07-16,Øresund,2026-07-16 06:02:07,219028841,észak,Kedvtelési,
2026-07-16,Øresund,2026-07-16 07:19:07,219029472,dél,Kedvtelési,
2026-07-16,Øresund,2026-07-16 07:44:16,219029886,észak,Kedvtelési,
2026-07-16,Øresund,2026-07-16 12:27:55,219032579,észak,Kedvtelési,
2026-07-16,Øresund,2026-07-16 10:39:50,219032678,dél,Kedvtelési,
2026-07-16,Øresund,2026-07-16 10:14:09,219034487,észak,Kedvtelési,
2026-07-16,Øresund,2026-07-16 09:36:33,219036321,dél,Kedvtelési,
2026-07-16,Øresund,2026-07-16 08:23:43,219159000,észak,Szolgálati,5.0
2026-07-16,Øresund,2026-07-16 16:38:50,219159000,dél,Szolgálati,5.0
2026-07-16,Øresund,2026-07-16 06:02:03,219945000,dél,Személyszállító,6.4
2026-07-16,Øresund,2026-07-16 16:15:57,219945000,észak,Személyszállító,6.4
2026-07-16,Øresund,2026-07-16 09:43:55,227732390,észak,Kedvtelési,
2026-07-16,Øresund,2026-07-16 21:38:26,229732000,dél,Teherhajó,6.9
2026-07-16,Øresund,2026-07-16 09:26:50,230050000,észak,Teherhajó,3.8
2026-07-16,Øresund,2026-07-16 16:06:28,230186950,dél,Kedvtelési,
2026-07-16,Øresund,2026-07-16 22:29:32,230352000,dél,Teherhajó,6.8
2026-07-16,Øresund,2026-07-16 00:55:37,231836000,észak,Teherhajó,9.4
2026-07-16,Øresund,2026-07-16 10:18:26,231908000,észak,Teherhajó,4.6
2026-07-16,Øresund,2026-07-16 21:49:07,231917000,dél,Tanker,6.7
2026-07-16,Øresund,2026-07-16 19:10:10,236306000,dél,Teherhajó,4.0
2026-07-16,Øresund,2026-07-16 17:38:33,238297000,dél,Teherhajó,6.2
2026-07-16,Øresund,2026-07-16 09:28:32,244002887,észak,Kedvtelési,
2026-07-16,Øresund,2026-07-16 11:59:28,244042847,dél,Kedvtelési,
2026-07-16,Øresund,2026-07-16 07:44:59,244090097,észak,Tanker,6.7
2026-07-16,Øresund,2026-07-16 19:53:28,244110823,észak,Teherhajó,5.3
2026-07-16,Øresund,2026-07-16 16:05:05,244615929,dél,Teherhajó,5.4
2026-07-16,Øresund,2026-07-16 00:31:10,244678000,észak,Tanker,5.0
2026-07-16,Øresund,2026-07-16 11:06:57,244710969,észak,Teherhajó,4.7
2026-07-16,Øresund,2026-07-16 14:01:07,244729299,dél,Kedvtelési,
2026-07-16,Øresund,2026-07-16 05:34:55,244730382,észak,Kedvtelési,
2026-07-16,Øresund,2026-07-16 10:27:21,244730551,dél,Kedvtelési,
2026-07-16,Øresund,2026-07-16 22:00:21,244790608,észak,Teherhajó,5.3
2026-07-16,Øresund,2026-07-16 06:41:57,245315000,dél,Teherhajó,7.5
2026-07-16,Øresund,2026-07-16 02:48:03,246483000,észak,Teherhajó,3.3
2026-07-16,Øresund,2026-07-16 01:31:37,246602000,dél,Teherhajó,4.9
2026-07-16,Øresund,2026-07-16 04:08:03,246630000,dél,Teherhajó,6.6
2026-07-16,Øresund,2026-07-16 09:14:40,248886000,dél,Tanker,4.4
2026-07-16,Øresund,2026-07-16 07:25:33,248941000,dél,Tanker,6.2
2026-07-16,Øresund,2026-07-16 16:29:08,255802940,dél,Tanker,6.0
2026-07-16,Øresund,2026-07-16 15:20:08,255805882,dél,Teherhajó,6.3
2026-07-16,Øresund,2026-07-16 18:21:23,255805906,dél,Teherhajó,6.5
2026-07-16,Øresund,2026-07-16 00:39:27,255805917,dél,Teherhajó,7.3
2026-07-16,Øresund,2026-07-16 22:15:06,255915000,dél,Teherhajó,5.9
2026-07-16,Øresund,2026-07-16 01:16:22,255953000,észak,Tanker,6.4
2026-07-16,Øresund,2026-07-16 05:41:26,257031080,észak,Teherhajó,4.4
2026-07-16,Øresund,2026-07-16 10:09:43,257037550,észak,Kedvtelési,
2026-07-16,Øresund,2026-07-16 06:29:36,257064250,észak,Kedvtelési,
2026-07-16,Øresund,2026-07-16 07:44:30,257070820,dél,Kedvtelési,
2026-07-16,Øresund,2026-07-16 09:00:52,257207000,észak,Teherhajó,3.9
2026-07-16,Øresund,2026-07-16 06:31:46,257851140,észak,Kedvtelési,
2026-07-16,Øresund,2026-07-16 09:38:47,258137940,észak,Kedvtelési,
2026-07-16,Øresund,2026-07-16 07:35:28,261037860,észak,Kedvtelési,
2026-07-16,Øresund,2026-07-16 00:53:45,265009000,észak,Egyéb / ismeretlen,5.8
2026-07-16,Øresund,2026-07-16 17:26:16,265016220,dél,Kedvtelési,
2026-07-16,Øresund,2026-07-16 12:13:47,265020400,dél,Kedvtelési,
2026-07-16,Øresund,2026-07-16 07:24:25,265027970,dél,Kedvtelési,
2026-07-16,Øresund,2026-07-16 08:20:20,265032650,dél,Kedvtelési,
2026-07-16,Øresund,2026-07-16 05:15:26,265050540,észak,Kedvtelési,
2026-07-16,Øresund,2026-07-16 10:52:36,265068660,észak,Kedvtelési,
2026-07-16,Øresund,2026-07-16 22:13:36,265072000,észak,Tanker,5.7
2026-07-16,Øresund,2026-07-16 04:56:42,265413000,észak,Teherhajó,6.6
2026-07-16,Øresund,2026-07-16 00:52:56,265504660,észak,Szolgálati,
2026-07-16,Øresund,2026-07-16 01:00:44,265504660,dél,Szolgálati,
2026-07-16,Øresund,2026-07-16 15:38:43,265514850,észak,Szolgálati,
2026-07-16,Øresund,2026-07-16 16:14:03,265514850,dél,Szolgálati,
2026-07-16,Øresund,2026-07-16 21:19:10,265514850,észak,Szolgálati,
2026-07-16,Øresund,2026-07-16 21:59:35,265514850,dél,Szolgálati,
2026-07-16,Øresund,2026-07-16 11:23:51,265618060,dél,Kedvtelési,
2026-07-16,Øresund,2026-07-16 06:24:50,265671910,észak,Kedvtelési,
2026-07-16,Øresund,2026-07-16 11:55:09,265730700,dél,Kedvtelési,
2026-07-16,Øresund,2026-07-16 08:24:10,265740500,észak,Kedvtelési,
2026-07-16,Øresund,2026-07-16 09:50:06,265742140,dél,Kedvtelési,
2026-07-16,Øresund,2026-07-16 10:49:04,265742140,észak,Kedvtelési,
2026-07-16,Øresund,2026-07-16 11:53:55,265750930,dél,Kedvtelési,
2026-07-16,Øresund,2026-07-16 11:08:13,265760680,dél,Kedvtelési,
2026-07-16,Øresund,2026-07-16 11:38:09,265776100,dél,Kedvtelési,
2026-07-16,Øresund,2026-07-16 12:57:28,265782970,dél,Kedvtelési,
2026-07-16,Øresund,2026-07-16 08:40:09,265795930,észak,Kedvtelési,
2026-07-16,Øresund,2026-07-16 18:53:41,265796020,dél,Szolgálati,
2026-07-16,Øresund,2026-07-16 10:41:31,265803230,észak,Kedvtelési,
2026-07-16,Øresund,2026-07-16 10:27:01,265817690,észak,Kedvtelési,
2026-07-16,Øresund,2026-07-16 12:22:45,265818930,dél,Kedvtelési,
2026-07-16,Øresund,2026-07-16 18:15:48,268246900,dél,Teherhajó,3.2
2026-07-16,Øresund,2026-07-16 13:49:38,268264001,dél,Teherhajó,6.3
2026-07-16,Øresund,2026-07-16 09:51:30,273379740,észak,Teherhajó,6.8
2026-07-16,Øresund,2026-07-16 01:02:24,275535000,dél,Teherhajó,6.5
2026-07-16,Øresund,2026-07-16 16:18:17,277202180,dél,Kedvtelési,
2026-07-16,Øresund,2026-07-16 15:32:23,277586000,dél,Teherhajó,8.6
2026-07-16,Øresund,2026-07-16 03:03:10,304145000,észak,Teherhajó,5.8
2026-07-16,Øresund,2026-07-16 18:48:51,304776000,dél,Teherhajó,3.7
2026-07-16,Øresund,2026-07-16 03:32:46,310835000,dél,Személyszállító,8.0
2026-07-16,Øresund,2026-07-16 17:51:34,310835000,észak,Személyszállító,8.0
2026-07-16,Øresund,2026-07-16 19:31:44,311536000,észak,Személyszállító,7.6
2026-07-16,Øresund,2026-07-16 13:10:39,319278400,észak,Kedvtelési,2.8
2026-07-16,Øresund,2026-07-16 22:13:46,538006419,dél,Teherhajó,6.7
2026-07-16,Øresund,2026-07-16 19:58:27,563115200,dél,Teherhajó,6.3
2026-07-16,Øresund,2026-07-16 17:39:32,563217700,észak,Teherhajó,7.2
2026-07-16,Øresund,2026-07-16 19:38:23,563326600,észak,Tanker,4.4
2026-07-16,Øresund,2026-07-16 20:24:30,572728220,dél,Teherhajó,6.0
2026-07-16,Øresund,2026-07-16 16:19:41,636022047,dél,Teherhajó,8.8
2026-09-05,Nagy-Balti-öv,2026-09-05 15:01:30,210028000,észak,Teherhajó,9.3
2026-09-05,Nagy-Balti-öv,2026-09-05 22:43:54,210362000,észak,Tanker,10.6
2026-09-05,Nagy-Balti-öv,2026-09-05 00:18:03,211135850,dél,Kedvtelési,
2026-09-05,Nagy-Balti-öv,2026-09-05 01:21:35,211177040,dél,Kedvtelési,
2026-09-05,Nagy-Balti-öv,2026-09-05 13:15:07,211347990,észak,Kedvtelési,
2026-09-05,Nagy-Balti-öv,2026-09-05 11:56:28,211664360,dél,Kedvtelési,
2026-09-05,Nagy-Balti-öv,2026-09-05 00:15:48,211832660,dél,Kedvtelési,
2026-09-05,Nagy-Balti-öv,2026-09-05 00:22:12,211856060,dél,Kedvtelési,
2026-09-05,Nagy-Balti-öv,2026-09-05 05:24:49,212811000,dél,Teherhajó,7.3
2026-09-05,Nagy-Balti-öv,2026-09-05 21:05:37,215461000,dél,Tanker,7.8
2026-09-05,Nagy-Balti-öv,2026-09-05 06:06:01,215857000,észak,Teherhajó,10.8
2026-09-05,Nagy-Balti-öv,2026-09-05 09:44:33,218031190,dél,Kedvtelési,
2026-09-05,Nagy-Balti-öv,2026-09-05 07:15:17,219000474,észak,Szolgálati,2.0
2026-09-05,Nagy-Balti-öv,2026-09-05 11:53:14,219000474,dél,Szolgálati,2.0
2026-09-05,Nagy-Balti-öv,2026-09-05 01:57:28,219002493,dél,Szolgálati,4.5
2026-09-05,Nagy-Balti-öv,2026-09-05 10:03:28,219002493,észak,Szolgálati,4.5
2026-09-05,Nagy-Balti-öv,2026-09-05 12:59:49,219007572,dél,Szolgálati,1.8
2026-09-05,Nagy-Balti-öv,2026-09-05 09:36:05,219027923,észak,Tanker,10.5
2026-09-05,Nagy-Balti-öv,2026-09-05 00:54:48,219028502,dél,Kedvtelési,
2026-09-05,Nagy-Balti-öv,2026-09-05 12:46:45,219028641,dél,Kedvtelési,
2026-09-05,Nagy-Balti-öv,2026-09-05 17:58:11,219029880,dél,Tanker,9.0
2026-09-05,Nagy-Balti-öv,2026-09-05 17:22:56,219115000,észak,Teherhajó,11.7
2026-09-05,Nagy-Balti-öv,2026-09-05 04:09:15,228432600,észak,Tanker,9.5
2026-09-05,Nagy-Balti-öv,2026-09-05 05:25:01,235090537,dél,Teherhajó,9.5
2026-09-05,Nagy-Balti-öv,2026-09-05 01:16:36,241406000,észak,Tanker,14.4
2026-09-05,Nagy-Balti-öv,2026-09-05 22:00:51,244060083,dél,Teherhajó,8.8
2026-09-05,Nagy-Balti-öv,2026-09-05 23:54:53,247229700,dél,Személyszállító,7.3
2026-09-05,Nagy-Balti-öv,2026-09-05 21:12:21,247389200,észak,Személyszállító,8.6
2026-09-05,Nagy-Balti-öv,2026-09-05 21:32:30,249129000,dél,Személyszállító,8.7
2026-09-05,Nagy-Balti-öv,2026-09-05 12:35:08,255806267,észak,Teherhajó,7.2
2026-09-05,Nagy-Balti-öv,2026-09-05 06:46:21,255915834,dél,Teherhajó,4.1
2026-09-05,Nagy-Balti-öv,2026-09-05 21:56:00,255916027,észak,Teherhajó,4.8
2026-09-05,Nagy-Balti-öv,2026-09-05 22:23:42,256281000,észak,Személyszállító,8.8
2026-09-05,Nagy-Balti-öv,2026-09-05 10:46:48,256800000,dél,Teherhajó,7.5
2026-09-05,Nagy-Balti-öv,2026-09-05 08:40:01,257112270,észak,Tanker,8.4
2026-09-05,Nagy-Balti-öv,2026-09-05 08:38:27,257114000,észak,Teherhajó,4.0
2026-09-05,Nagy-Balti-öv,2026-09-05 03:05:24,257182000,dél,Személyszállító,6.9
2026-09-05,Nagy-Balti-öv,2026-09-05 16:42:26,257182000,észak,Személyszállító,6.9
2026-09-05,Nagy-Balti-öv,2026-09-05 02:02:57,257207000,dél,Teherhajó,6.5
2026-09-05,Nagy-Balti-öv,2026-09-05 17:16:51,257207000,észak,Teherhajó,6.5
2026-09-05,Nagy-Balti-öv,2026-09-05 05:34:59,257988000,észak,Teherhajó,7.0
2026-09-05,Nagy-Balti-öv,2026-09-05 13:36:36,258761000,észak,Teherhajó,4.6
2026-09-05,Nagy-Balti-öv,2026-09-05 21:59:57,265022000,dél,Teherhajó,7.2
2026-09-05,Nagy-Balti-öv,2026-09-05 01:52:41,266331000,dél,Személyszállító,6.0
2026-09-05,Nagy-Balti-öv,2026-09-05 20:59:54,266331000,észak,Személyszállító,6.0
2026-09-05,Nagy-Balti-öv,2026-09-05 13:05:04,268261201,észak,Teherhajó,11.4
2026-09-05,Nagy-Balti-öv,2026-09-05 04:10:26,273272850,észak,Tanker,14.5
2026-09-05,Nagy-Balti-öv,2026-09-05 20:28:53,275516000,dél,Teherhajó,4.7
2026-09-05,Nagy-Balti-öv,2026-09-05 13:59:02,275541000,észak,Tanker,5.6
2026-09-05,Nagy-Balti-öv,2026-09-05 01:11:57,304953000,dél,Teherhajó,4.2
2026-09-05,Nagy-Balti-öv,2026-09-05 01:20:45,305190000,észak,Teherhajó,5.1
2026-09-05,Nagy-Balti-öv,2026-09-05 10:40:51,311001769,dél,Teherhajó,5.2
2026-09-05,Nagy-Balti-öv,2026-09-05 07:03:56,311002113,észak,Teherhajó,10.6
2026-09-05,Nagy-Balti-öv,2026-09-05 06:05:21,314772000,dél,Teherhajó,6.1
2026-09-05,Nagy-Balti-öv,2026-09-05 18:57:31,341492001,észak,Teherhajó,8.3
2026-09-05,Nagy-Balti-öv,2026-09-05 00:23:40,352001874,észak,Tanker,10.9
2026-09-05,Nagy-Balti-öv,2026-09-05 15:30:40,352002362,észak,Teherhajó,13.1
2026-09-05,Nagy-Balti-öv,2026-09-05 15:18:06,352003382,dél,Teherhajó,10.5
2026-09-05,Nagy-Balti-öv,2026-09-05 09:39:59,352003624,dél,Teherhajó,7.1
2026-09-05,Nagy-Balti-öv,2026-09-05 00:54:20,352003756,észak,Tanker,11.6
2026-09-05,Nagy-Balti-öv,2026-09-05 22:46:56,352594000,dél,Személyszállító,8.2
2026-09-05,Nagy-Balti-öv,2026-09-05 17:06:06,354668000,dél,Teherhajó,6.2
2026-09-05,Nagy-Balti-öv,2026-09-05 21:20:23,366750000,dél,Teherhajó,5.0
2026-09-05,Nagy-Balti-öv,2026-09-05 03:47:34,538005404,dél,Tanker,10.5
2026-09-05,Nagy-Balti-öv,2026-09-05 18:51:08,538005774,dél,Tanker,11.3
2026-09-05,Nagy-Balti-öv,2026-09-05 03:07:39,538090739,dél,Teherhajó,9.3
2026-09-05,Nagy-Balti-öv,2026-09-05 06:32:27,563326200,észak,Teherhajó,8.8
2026-09-05,Nagy-Balti-öv,2026-09-05 20:25:15,564306000,észak,Teherhajó,10.5
2026-09-05,Nagy-Balti-öv,2026-09-05 21:16:15,566029000,észak,Teherhajó,8.6
2026-09-05,Nagy-Balti-öv,2026-09-05 12:46:30,613702110,észak,Tanker,15.0
2026-09-05,Nagy-Balti-öv,2026-09-05 13:20:17,636019915,dél,Teherhajó,14.5
2026-09-05,Nagy-Balti-öv,2026-09-05 17:13:12,636023215,dél,Teherhajó,11.2
2026-09-05,Nagy-Balti-öv,2026-09-05 13:36:57,636093159,észak,Teherhajó,10.3
2026-09-05,Nagy-Balti-öv,2026-09-05 14:54:19,667002369,dél,Tanker,9.1
2026-09-05,Nagy-Balti-öv,2026-09-05 11:05:04,667002425,észak,Tanker,15.0
2026-09-05,Øresund,2026-09-05 04:21:40,209968000,dél,Teherhajó,4.0
2026-09-05,Øresund,2026-09-05 02:40:55,212385000,dél,Teherhajó,5.7
2026-09-05,Øresund,2026-09-05 01:52:53,212797000,dél,Teherhajó,5.9
2026-09-05,Øresund,2026-09-05 13:20:37,219000174,észak,Szolgálati,
2026-09-05,Øresund,2026-09-05 15:04:41,219000174,dél,Szolgálati,
2026-09-05,Øresund,2026-09-05 10:45:58,219000575,észak,Személyszállító,
2026-09-05,Øresund,2026-09-05 11:09:38,219000575,dél,Személyszállító,
2026-09-05,Øresund,2026-09-05 14:26:29,219000575,észak,Személyszállító,
2026-09-05,Øresund,2026-09-05 15:02:38,219000575,dél,Személyszállító,
2026-09-05,Øresund,2026-09-05 16:40:29,219000575,észak,Személyszállító,
2026-09-05,Øresund,2026-09-05 16:40:39,219000575,dél,Személyszállító,
2026-09-05,Øresund,2026-09-05 16:40:49,219000575,észak,Személyszállító,
2026-09-05,Øresund,2026-09-05 16:41:18,219000575,dél,Személyszállító,
2026-09-05,Øresund,2026-09-05 16:41:29,219000575,észak,Személyszállító,
2026-09-05,Øresund,2026-09-05 16:42:28,219000575,dél,Személyszállító,
2026-09-05,Øresund,2026-09-05 07:45:12,219014875,dél,Szolgálati,5.4
2026-09-05,Øresund,2026-09-05 17:24:28,219014875,észak,Szolgálati,5.4
2026-09-05,Øresund,2026-09-05 03:38:41,219024177,dél,Szolgálati,1.5
2026-09-05,Øresund,2026-09-05 07:51:45,219024177,észak,Szolgálati,1.5
2026-09-05,Øresund,2026-09-05 10:41:53,219024177,dél,Szolgálati,1.5
2026-09-05,Øresund,2026-09-05 18:12:51,219024177,észak,Szolgálati,1.5
2026-09-05,Øresund,2026-09-05 18:31:47,219024177,dél,Szolgálati,1.5
2026-09-05,Øresund,2026-09-05 09:57:20,219222000,észak,Tanker,5.9
2026-09-05,Øresund,2026-09-05 05:56:28,219592000,dél,Személyszállító,6.4
2026-09-05,Øresund,2026-09-05 16:39:27,219592000,észak,Személyszállító,6.4
2026-09-05,Øresund,2026-09-05 20:29:18,230666000,dél,Teherhajó,4.7
2026-09-05,Øresund,2026-09-05 17:57:52,230694000,észak,Teherhajó,7.3
2026-09-05,Øresund,2026-09-05 21:00:47,230696000,dél,Teherhajó,6.7
2026-09-05,Øresund,2026-09-05 09:57:23,231809000,észak,Szolgálati,5.3
2026-09-05,Øresund,2026-09-05 14:08:53,235094625,dél,Teherhajó,5.9
2026-09-05,Øresund,2026-09-05 04:22:14,244335000,dél,Tanker,6.8
2026-09-05,Øresund,2026-09-05 14:56:44,246188000,dél,Teherhajó,6.0
2026-09-05,Øresund,2026-09-05 15:30:01,246539000,dél,Teherhajó,4.8
2026-09-05,Øresund,2026-09-05 04:17:32,247353700,dél,Személyszállító,8.5
2026-09-05,Øresund,2026-09-05 18:04:48,247353700,észak,Személyszállító,8.5
2026-09-05,Øresund,2026-09-05 03:50:42,248630000,dél,Teherhajó,6.9
2026-09-05,Øresund,2026-09-05 08:29:23,249182000,dél,Tanker,7.0
2026-09-05,Øresund,2026-09-05 05:13:19,250005693,dél,Teherhajó,4.6
2026-09-05,Øresund,2026-09-05 15:48:38,255616000,dél,Teherhajó,7.1
2026-09-05,Øresund,2026-09-05 07:48:29,255739000,dél,Teherhajó,7.4
2026-09-05,Øresund,2026-09-05 17:16:16,255805577,észak,Teherhajó,6.8
2026-09-05,Øresund,2026-09-05 06:44:03,255915634,dél,Teherhajó,4.4
2026-09-05,Øresund,2026-09-05 10:16:08,255916108,észak,Tanker,6.4
2026-09-05,Øresund,2026-09-05 11:49:56,257136000,észak,Tanker,6.7
2026-09-05,Øresund,2026-09-05 19:28:52,257850000,észak,Személyszállító,6.8
2026-09-05,Øresund,2026-09-05 19:00:36,258006930,dél,Teherhajó,5.3
2026-09-05,Øresund,2026-09-05 08:17:47,265514850,észak,Szolgálati,
2026-09-05,Øresund,2026-09-05 09:03:22,265514850,dél,Szolgálati,
2026-09-05,Øresund,2026-09-05 10:49:14,265514850,észak,Szolgálati,
2026-09-05,Øresund,2026-09-05 11:35:58,265514850,dél,Szolgálati,
2026-09-05,Øresund,2026-09-05 11:51:15,265514850,észak,Szolgálati,
2026-09-05,Øresund,2026-09-05 12:10:02,265514850,dél,Szolgálati,
2026-09-05,Øresund,2026-09-05 14:37:58,265514850,észak,Szolgálati,
2026-09-05,Øresund,2026-09-05 15:12:22,265514850,dél,Szolgálati,
2026-09-05,Øresund,2026-09-05 17:14:18,265514850,észak,Szolgálati,
2026-09-05,Øresund,2026-09-05 01:39:00,265610040,észak,Tanker,3.6
2026-09-05,Øresund,2026-09-05 17:39:21,266203000,észak,Tanker,3.8
2026-09-05,Øresund,2026-09-05 12:24:38,266472000,észak,Tanker,5.0
2026-09-05,Øresund,2026-09-05 16:59:06,273259100,dél,Halászhajó,6.5
2026-09-05,Øresund,2026-09-05 22:21:08,304028000,dél,Teherhajó,2.7
2026-09-05,Øresund,2026-09-05 22:48:55,305773000,dél,Teherhajó,6.7
2026-09-05,Øresund,2026-09-05 02:57:49,305821000,dél,Teherhajó,4.1
2026-09-05,Øresund,2026-09-05 11:25:09,311001116,dél,Teherhajó,7.2
2026-09-05,Øresund,2026-09-05 01:12:03,311109000,dél,Személyszállító,8.3
2026-09-05,Øresund,2026-09-05 16:40:41,311109000,észak,Személyszállító,8.3
2026-09-05,Øresund,2026-09-05 03:10:31,314875000,dél,Teherhajó,4.4
2026-09-05,Øresund,2026-09-05 15:18:57,352003528,dél,Teherhajó,6.0
2026-09-05,Øresund,2026-09-05 05:17:28,352594000,dél,Személyszállító,8.2
2026-09-05,Øresund,2026-09-05 17:32:14,352594000,észak,Személyszállító,8.2
2026-09-05,Øresund,2026-09-05 12:15:02,477885300,dél,Teherhajó,7.2
2026-09-05,Øresund,2026-09-05 09:09:56,538006959,dél,Teherhajó,7.0
2026-09-05,Øresund,2026-09-05 18:12:28,538010257,észak,Tanker,7.0
2026-09-05,Øresund,2026-09-05 18:00:45,538011655,dél,Teherhajó,6.4
2026-09-05,Øresund,2026-09-05 11:46:47,563326600,dél,Tanker,5.6
