sorozat,honap,napok,jelzett
Megrakott tanker (7 nap),2026-06,3,0
Megrakott tanker (7 nap),2026-07,31,2
Megrakott tanker (7 nap),2026-08,31,2
Megrakott tanker (7 nap),2026-09,30,3
Megrakott tanker (7 nap),2026-10,6,0
Megrakott teherhajó (7 nap),2026-06,3,0
Megrakott teherhajó (7 nap),2026-07,31,0
Megrakott teherhajó (7 nap),2026-08,31,0
Megrakott teherhajó (7 nap),2026-09,30,0
Megrakott teherhajó (7 nap),2026-10,6,0
"Tanker-volumen (7 nap, 1000 m³)",2026-06,3,0
"Tanker-volumen (7 nap, 1000 m³)",2026-07,31,0
"Tanker-volumen (7 nap, 1000 m³)",2026-08,31,0
"Tanker-volumen (7 nap, 1000 m³)",2026-09,30,1
"Tanker-volumen (7 nap, 1000 m³)",2026-10,6,0
