arany,het,megrakott_tanker,uritve,jelzes_napja
0.4,2026-06-29,104,42,2.0
0.4,2026-07-06,111,44,0.0
0.4,2026-07-13,125,50,2.0
0.4,2026-07-20,112,45,2.0
0.4,2026-07-27,123,49,3.0
0.4,2026-08-03,111,44,2.0
0.4,2026-08-10,108,43,0.0
0.4,2026-08-17,113,45,2.0
0.4,2026-08-24,122,49,2.0
0.4,2026-08-31,117,47,1.0
0.4,2026-09-07,112,45,2.0
0.4,2026-09-14,110,44,2.0
0.4,2026-09-21,117,47,0.0
0.3,2026-06-29,104,31,4.0
0.3,2026-07-06,111,33,0.0
0.3,2026-07-13,125,38,3.0
0.3,2026-07-20,112,34,3.0
0.3,2026-07-27,123,37,3.0
0.3,2026-08-03,111,33,3.0
0.3,2026-08-10,108,32,2.0
0.3,2026-08-17,113,34,2.0
0.3,2026-08-24,122,37,3.0
0.3,2026-08-31,117,35,1.0
0.3,2026-09-07,112,34,3.0
0.3,2026-09-14,110,33,3.0
0.3,2026-09-21,117,35,1.0
0.2,2026-06-29,104,21,4.0
0.2,2026-07-06,111,22,2.0
0.2,2026-07-13,125,25,8.0
0.2,2026-07-20,112,22,6.0
0.2,2026-07-27,123,25,
0.2,2026-08-03,111,22,4.0
0.2,2026-08-10,108,22,5.0
0.2,2026-08-17,113,23,3.0
0.2,2026-08-24,122,24,3.0
0.2,2026-08-31,117,23,6.0
0.2,2026-09-07,112,22,3.0
0.2,2026-09-14,110,22,5.0
0.2,2026-09-21,117,23,1.0
