meret,napok,nyers_sor,tarolt_sor,motor,bemenet_mib,csucs_memoria_mib,fal_ido_mp,inditas_mp,sorszam_mp,egyedi_hajo_mp,bbox_szures_mp,oranankenti_bbox_mp,negy_egyutt_mp,egyezik,eredmeny_sorszam,eredmeny_hajo,eredmeny_bbox
1_nap,1,36650571,16638836,duckdb_parquet,226.8,140,4.9,0.01,0.035,0.042,0.142,0.283,0.506,referencia,36650571,13387,10860221
1_nap,1,36650571,16638836,polars_parquet,226.8,564,3.5,1.03,0.013,0.048,0.096,0.226,0.376,igen (4 lekerdezes),36650571,13387,10860221
1_nap,1,36650571,16638836,spark_parquet,226.8,1603,59.7,23.53,0.454,3.499,0.727,3.865,8.546,igen (4 lekerdezes),36650571,13387,10860221
1_nap,1,36650571,16638836,duckdb_csv,6248.0,229,154.2,0.17,11.28,11.576,12.454,15.8,51.297,igen (4 lekerdezes),36650571,13387,10860221
1_nap,1,36650571,16638836,pandas_csv,6248.0,808,342.9,0.0,,,,,113.64,igen (3 lekerdezes),36650571,13387,10860221
7_nap,7,189976324,100437029,duckdb_parquet,1329.6,197,12.2,0.01,0.273,0.279,1.019,2.118,3.787,referencia,189976324,21490,65661704
7_nap,7,189976324,100437029,polars_parquet,1329.6,1848,11.0,0.58,0.092,0.337,0.62,1.703,2.879,igen (4 lekerdezes),189976324,21490,65661704
7_nap,7,189976324,100437029,spark_parquet,1329.6,2502,91.7,13.17,1.08,8.619,1.822,10.608,22.129,igen (4 lekerdezes),189976324,21490,65661704
1_honap,31,739173976,415412578,duckdb_parquet,5446.4,377,48.2,0.02,1.037,1.092,4.528,8.313,14.971,referencia,739173976,34614,278166272
1_honap,31,739173976,415412578,polars_parquet,5446.4,3030,39.6,0.38,0.444,1.637,2.69,7.705,12.441,igen (4 lekerdezes),739173976,34614,278166272
1_honap,31,739173976,415412578,spark_parquet,5446.4,2882,285.9,12.22,2.473,34.931,6.368,43.768,87.171,igen (4 lekerdezes),739173976,34614,278166272
3_honap,92,2085308912,1182974452,duckdb_parquet,15422.5,619,134.0,0.02,2.667,3.058,12.848,23.926,42.035,referencia,2085308912,46072,763927791
3_honap,92,2085308912,1182974452,polars_parquet,15422.5,3728,103.1,0.48,1.179,4.089,7.775,20.52,33.371,igen (4 lekerdezes),2085308912,46072,763927791
3_honap,92,2085308912,1182974452,spark_parquet,15422.5,3589,737.7,16.07,5.497,94.353,16.397,119.203,233.358,igen (4 lekerdezes),2085308912,46072,763927791
