nap,http,bajt,last_modified_utc,keses_ora
2026-06-01,200,713360168,2026-06-04T00:19:13+00:00,48.32
2026-06-02,200,734118787,2026-06-05T00:22:45+00:00,48.38
2026-06-03,200,693352584,2026-06-06T00:19:40+00:00,48.33
2026-06-04,200,681788163,2026-06-07T00:19:44+00:00,48.33
2026-06-05,200,662045350,2026-06-08T00:18:57+00:00,48.32
2026-06-06,200,705766237,2026-06-09T00:20:42+00:00,48.34
2026-06-07,200,674777599,2026-06-10T00:19:05+00:00,48.32
2026-06-08,200,664083096,2026-06-11T00:18:16+00:00,48.3
2026-06-09,200,641755091,2026-06-12T00:18:45+00:00,48.31
2026-06-10,200,641014672,2026-06-13T00:19:34+00:00,48.33
2026-06-11,200,661361096,2026-06-14T00:20:09+00:00,48.34
2026-06-12,200,667326981,2026-06-15T00:18:27+00:00,48.31
2026-06-13,200,643805291,2026-06-16T00:18:56+00:00,48.32
2026-06-14,200,648744203,2026-06-17T00:19:35+00:00,48.33
2026-06-15,200,628932956,2026-06-18T00:18:34+00:00,48.31
2026-06-16,200,674145046,2026-06-19T00:19:37+00:00,48.33
2026-06-17,200,690791721,2026-06-20T00:20:14+00:00,48.34
2026-06-18,200,728503264,2026-06-21T00:20:12+00:00,48.34
2026-06-19,200,744943873,2026-06-22T00:21:51+00:00,48.36
2026-06-20,200,757665957,2026-06-23T00:21:29+00:00,48.36
2026-06-21,200,843550541,2026-06-24T00:23:12+00:00,48.39
2026-06-22,200,729578336,2026-06-25T00:20:45+00:00,48.35
2026-06-23,200,859009640,2026-06-26T00:24:58+00:00,48.42
2026-06-24,200,823679834,2026-06-27T00:24:43+00:00,48.41
2026-06-25,200,853799639,2026-06-28T00:23:45+00:00,48.4
2026-06-26,200,921314576,2026-06-29T00:28:53+00:00,48.48
2026-06-27,200,888197774,2026-06-30T00:27:09+00:00,48.45
2026-06-28,200,804272640,2026-07-01T00:24:34+00:00,48.41
2026-06-29,200,723388653,2026-07-02T00:19:56+00:00,48.33
2026-06-30,200,706583330,2026-07-03T00:18:58+00:00,48.32
2026-07-01,200,724753358,2026-07-04T00:43:54+00:00,48.73
2026-07-02,200,662695968,2026-07-05T00:20:06+00:00,48.34
2026-07-03,200,623201449,2026-07-06T00:17:52+00:00,48.3
2026-07-04,200,686969717,2026-07-07T00:18:59+00:00,48.32
2026-07-05,200,662609681,2026-07-08T00:19:13+00:00,48.32
2026-07-06,200,671391371,2026-07-09T00:19:37+00:00,48.33
2026-07-07,200,610889101,2026-07-10T00:19:03+00:00,48.32
2026-07-08,200,717433119,2026-07-11T00:21:29+00:00,48.36
2026-07-09,200,840031860,2026-07-12T00:26:15+00:00,48.44
2026-07-10,200,874950892,2026-07-13T00:26:13+00:00,48.44
2026-07-11,200,958017995,2026-07-14T00:28:40+00:00,48.48
2026-07-12,200,879985587,2026-07-15T00:24:59+00:00,48.42
2026-07-13,200,823508843,2026-07-16T00:25:34+00:00,48.43
2026-07-14,200,940245340,2026-07-17T00:29:21+00:00,48.49
2026-07-15,200,1002076005,2026-07-18T00:29:50+00:00,48.5
2026-07-16,200,1036257489,2026-07-19T00:31:27+00:00,48.52
2026-07-17,200,889684392,2026-07-20T00:25:38+00:00,48.43
2026-07-18,200,684641117,2026-07-21T00:19:14+00:00,48.32
2026-07-19,200,650592825,2026-07-22T00:19:18+00:00,48.32
2026-07-20,200,719518068,2026-07-23T00:20:24+00:00,48.34
2026-07-21,200,841731021,2026-07-24T00:24:06+00:00,48.4
2026-07-22,200,670398668,2026-07-25T00:20:10+00:00,48.34
2026-07-23,200,782042422,2026-07-26T00:21:49+00:00,48.36
2026-07-24,200,699025386,2026-07-27T00:20:26+00:00,48.34
2026-07-25,200,708754833,2026-07-28T00:19:12+00:00,48.32
2026-07-26,200,712726103,2026-07-29T00:20:45+00:00,48.35
2026-07-27,200,637167138,2026-07-30T00:18:59+00:00,48.32
2026-07-28,200,721186346,2026-07-31T00:19:36+00:00,48.33
2026-07-29,200,810915825,2026-08-01T00:22:50+00:00,48.38
2026-07-30,200,853117493,2026-08-02T00:24:02+00:00,48.4
2026-07-31,200,763735374,2026-08-03T00:21:09+00:00,48.35
2026-08-01,200,739482360,2026-08-04T00:21:15+00:00,48.35
2026-08-02,200,739630437,2026-08-05T00:19:52+00:00,48.33
2026-08-03,200,852292002,2026-08-06T00:23:03+00:00,48.38
2026-08-04,200,863506256,2026-08-07T00:24:29+00:00,48.41
2026-08-05,200,711780543,2026-08-08T00:20:49+00:00,48.35
2026-08-06,200,645245383,2026-08-09T00:19:05+00:00,48.32
2026-08-07,200,616458097,2026-08-10T00:18:48+00:00,48.31
2026-08-08,200,771182153,2026-08-11T00:21:07+00:00,48.35
2026-08-09,200,923775380,2026-08-12T00:26:22+00:00,48.44
2026-08-10,200,666189795,2026-08-13T00:20:36+00:00,48.34
2026-08-11,200,634997596,2026-08-14T00:18:50+00:00,48.31
2026-08-12,200,836708155,2026-08-15T00:23:30+00:00,48.39
2026-08-13,200,1014407697,2026-08-16T00:28:10+00:00,48.47
2026-08-14,200,966933420,2026-08-17T00:30:04+00:00,48.5
2026-08-15,200,754013821,2026-08-18T00:22:16+00:00,48.37
2026-08-16,200,649570541,2026-08-19T00:18:49+00:00,48.31
2026-08-17,200,636569914,2026-08-20T00:19:02+00:00,48.32
2026-08-18,200,673632607,2026-08-21T00:19:11+00:00,48.32
2026-08-19,200,639526843,2026-08-22T00:19:02+00:00,48.32
2026-08-20,200,675675502,2026-08-23T00:19:40+00:00,48.33
2026-08-21,200,679082267,2026-08-24T00:19:50+00:00,48.33
2026-08-22,200,638077474,2026-08-25T00:19:03+00:00,48.32
2026-08-23,200,648597843,2026-08-26T00:19:24+00:00,48.32
2026-08-24,200,768960610,2026-08-27T00:25:04+00:00,48.42
2026-08-25,200,894129645,2026-08-28T00:26:37+00:00,48.44
2026-08-26,200,822522028,2026-08-29T00:23:59+00:00,48.4
2026-08-27,200,734257387,2026-08-30T00:21:27+00:00,48.36
2026-08-28,200,697985425,2026-08-31T00:19:47+00:00,48.33
2026-08-29,200,678056403,2026-09-01T00:20:07+00:00,48.34
2026-08-30,200,655087006,2026-09-02T00:19:14+00:00,48.32
2026-08-31,200,666329099,2026-09-03T00:19:39+00:00,48.33
