locode,kikoto,orszag,lat,lon,tengeri_kikoto,hajo_db
DKAAR,Aarhus,DK,56.15,10.216666666666667,1,21
DERSK,Rostock,DE,54.083333333333336,12.133333333333333,1,18
DKCPH,København,DK,55.666666666666664,12.583333333333334,1,17
SEHEL,Helsingborg,SE,,,1,17
DKROD,Rødbyhavn,DK,54.65,11.35,1,15
SEGOT,Göteborg,SE,57.71666666666667,11.966666666666667,1,14
DKKAL,Kalundborg,DK,,,1,14
DKGRE,Grenaa,DK,,,1,13
DEKEL,Kiel,DE,54.333333333333336,10.133333333333333,1,12
PLGDN,Gdansk,PL,,,1,11
LTKLJ,Klaipeda,LT,,,1,11
DKNBG,Nyborg,DK,,,1,11
DKSKA,Skagen,DK,,,1,11
RULED,Saint Petersburg (ex Leningrad),RU,59.88333333333333,30.25,1,8
DKAAL,Aalborg,DK,,,1,8
DKODE,Odense,DK,,,1,8
SETRG,Trelleborg,SE,55.36666666666667,13.166666666666666,1,8
SELAA,Landskrona,SE,55.86666666666667,12.833333333333334,1,7
DETRV,Travemünde,DE,,,1,7
DKHUN,Hundested,DK,,,1,6
BEANR,Antwerpen,BE,51.21666666666667,4.416666666666667,1,6
DKFRC,Fredericia,DK,,,1,6
SEMMA,Malmö,SE,55.6,13.0,1,6
DKKOG,Køge,DK,,,1,6
DKLIN,Lindø Havn,DK,,,1,5
DKGED,Gedser,DK,,,1,5
DKSVE,Svendborg,DK,,,1,5
DKRNN,Rønne,DK,,,1,5
FIHEL,Helsinki,FI,60.166666666666664,24.933333333333334,1,4
PLSWI,Swinoujscie,PL,53.9,14.25,1,4
DKSKH,Skovshoved,DK,55.766666666666666,12.6,1,4
RUULU,Ust'-Luga,RU,59.666666666666664,28.316666666666666,1,4
LVLPX,Liepaja,LV,56.516666666666666,21.016666666666666,1,4
DKHLS,Helsingør,DK,,,1,4
DKFAA,Faaborg,DK,,,1,4
EGPSD,Port Said,EG,,,1,4
PLSZZ,Szczecin,PL,,,1,4
DELBC,Lübeck,DE,,,1,4
SEUDD,Uddevalla,SE,58.36666666666667,11.933333333333334,1,4
SESOL,Sölvesborg,SE,56.05,14.55,1,3
DKKRR,Korsør,DK,,,1,3
DKRAN,Randers,DK,,,1,3
DEHAM,Hamburg,DE,53.516666666666666,9.933333333333334,1,3
PLGDY,Gdynia,PL,54.5,18.55,1,3
DKKLH,Klintholm Havn,DK,57.95,12.466666666666667,1,3
DEBRV,Bremerhaven,DE,53.53333333333333,8.6,1,3
DEECK,Eckernförde,DE,,,1,3
ESLPA,Las Palmas de Gran Canaria,ES,28.1,-15.416666666666666,1,2
DECKL,Kiel Canal,DE,53.88333333333333,9.133333333333333,1,2
LVVNT,Ventspils,LV,,,1,2
NOOSL,Oslo,NO,59.9,10.733333333333333,1,2
NOMON,Mongstad,NO,60.81666666666667,5.016666666666667,1,2
NOFRK,Fredrikstad,NO,59.2,10.916666666666666,1,2
BEGNE,Gent (Ghent),BE,51.05,3.716666666666667,1,2
DEKAP,Kappeln,DE,,,1,2
DEMAO,Maasholm,DE,56.68333333333333,10.0,1,2
NLEEM,Eemshaven,NL,,,1,2
NLRTM,Rotterdam,NL,51.916666666666664,4.5,1,2
DKNAK,Nakskov,DK,,,1,2
DEPUT,Puttgarden,DE,,,1,2
DKFDV,Frederiksværk,DK,,,1,2
IEWAT,Waterford,IE,52.25,-7.1,1,2
GBTEE,Teesport,GB,54.583333333333336,-1.15,1,2
DKKTD,Kerteminde,DK,,,1,2
NLDZL,Delfzijl,NL,52.516666666666666,6.933333333333334,1,2
DEROS,Rosenheim,DE,,,1,2
SEKAN,Karlshamn,SE,56.166666666666664,14.85,1,2
DKVRE,Avedore,DK,,,1,2
SEFAG,Falkenberg,SE,56.88333333333333,12.5,1,2
DEREN,Rendsburg,DE,,,1,2
DKBAG,Bagenkop,DK,,,1,2
SELYS,Lysekil,SE,58.28333333333333,11.433333333333334,1,2
DEFLF,Flensburg,DE,,,1,2
DKVOR,Vordingborg,DK,55.0,11.9,1,2
DEBRB,Brunsbüttel,DE,,,1,2
SENRK,Norrköping,SE,58.6,16.183333333333334,1,2
DKROF,Rødby,DK,54.68333333333333,11.383333333333333,1,2
SEHAN,Hargshamn,SE,60.166666666666664,18.466666666666665,1,2
LVSKU,Skulte,LV,57.31666666666667,24.433333333333334,1,2
NLAMS,Amsterdam,NL,52.4,4.816666666666666,1,2
GBIMM,Immingham,GB,53.6,-0.21666666666666667,1,1
NOTBO,Tjeldbergodden,NO,63.46666666666667,9.0,1,1
EEVEB,Vene-Balti,EE,59.45,24.65,1,1
DEHHF,Heiligenhafen,DE,,,1,1
GBTIL,Tilbury,GB,,,1,1
DKSSK,Skælskør,DK,,,1,1
FISUL,Sunila,FI,60.483333333333334,26.95,1,1
DKHNB,Havneby,DK,,,1,1
NOJEL,Jelsa,NO,59.333333333333336,6.016666666666667,1,1
NOLIE,Lier,NO,,,1,1
DKBGZ,Bogense,DK,55.56666666666667,10.083333333333334,1,1
SEOXE,Oxelösund,SE,58.666666666666664,17.1,1,1
DKBDX,Bandholm,DK,,,1,1
KEMBA,Mombasa,KE,,,1,1
BEZEE,Zeebrugge,BE,51.333333333333336,3.2,1,1
DKANH,Anholt,DK,,,1,1
GBSHO,Shoreham,GB,51.31666666666667,0.18333333333333332,1,1
LBBEY,Beirut,LB,33.833333333333336,35.483333333333334,1,1
GBHOM,Holm,GB,58.9,-2.9,1,1
FIFOR,Förby,FI,,,1,1
NAWVB,Walvis Bay,NA,,,1,1
DKSBK,Stubbekøbing,DK,54.88333333333333,12.05,1,1
DKSGD,Sønderborg,DK,54.9,9.783333333333333,1,1
GBWPT,Warrenpoint,GB,,,1,1
DESTL,Stralsund,DE,,,1,1
DEDAP,Damp,DE,,,1,1
NOMQN,Mo i Rana,NO,66.31666666666666,14.133333333333333,1,1
NOHAL,Halden,NO,59.1,11.366666666666667,1,1
NOKRA,Kragerø,NO,58.86666666666667,9.4,1,1
FIHKO,Hanko (Hangö),FI,,,1,1
DKHAN,Hanstholm,DK,,,1,1
FIPAR,Pargas (Parainen),FI,60.3,22.3,1,1
PACTB,Cristóbal,PA,9.35,-79.9,1,1
PLDAR,Darlowo,PL,54.416666666666664,16.416666666666668,1,1
DKGTS,Glatved Strand,DK,56.3,105.31666666666666,1,1
DKFAK,Fakse Ladeplads Havn,DK,,,1,1
GBHUL,Hull,GB,53.733333333333334,-0.31666666666666665,1,1
NOKMO,Kambo,NO,59.46666666666667,10.683333333333334,1,1
DESAS,Sassnitz,DE,,,1,1
NOKRS,Kristiansand,NO,58.13333333333333,7.983333333333333,1,1
EETLL,Tallinn,EE,59.43333333333333,24.733333333333334,1,1
DKRKE,Roskilde,DK,,,1,1
GYGEO,Georgetown,GY,,,1,1
FRBES,Brest,FR,48.4,-4.483333333333333,1,1
SENYN,Nynäshamn,SE,58.9,17.95,1,1
USPIE,Saint Petersburg,US,27.766666666666666,-82.68333333333334,1,1
DKSOB,Søby Havn,DK,,,1,1
DEBRE,Bremen,DE,,,1,1
NOBER,Berg,NO,,,1,1
DKAVE,Avedøreværkets Havn,DK,,,1,1
FIVSS,Vuosaari (Nordsjö),FI,60.21666666666667,25.183333333333334,1,1
DEMUK,Mukran,DE,,,1,1
DKFDS,Frederikssund,DK,55.833333333333336,12.066666666666666,1,1
USORF,Norfolk,US,,,1,1
DEWAR,Warnemünde,DE,54.166666666666664,12.083333333333334,1,1
FIKJO,Kalajoki,FI,64.25,23.95,1,1
DKVEJ,Vejle,DK,,,1,1
ESSVQ,Sevilla,ES,,,1,1
LVRIX,Riga,LV,,,1,1
SEKLR,Kalmar,SE,56.666666666666664,16.366666666666667,1,1
EEVIR,Virtsu,EE,58.583333333333336,23.516666666666666,1,1
SJLYR,Longyearbyen,SJ,78.21666666666667,15.633333333333333,1,1
DKHOR,Horsens,DK,,,1,1
NOSVG,Stavanger,NO,58.96666666666667,5.75,1,1
DKKOK,Kolby Kås,DK,55.8,10.55,1,1
DKMRS,Marstal,DK,,,1,1
NOHRR,Herre,NO,59.1,9.566666666666666,1,1
ESALG,Algeciras,ES,,,1,1
DEBSK,Burgstaaken/Fehmarn,DE,,,1,1
ESPAS,Pasajes,ES,,,1,1
FIPOR,Pori (Björneborg),FI,61.483333333333334,21.8,1,1
DKSKV,Skive,DK,,,1,1
DKEDL,Endelave,DK,,,1,1
DEWOL,Wolgast,DE,,,1,1
FIKOK,Kokkola (Karleby),FI,63.833333333333336,23.116666666666667,1,1
CAVLF,Valleyfield,CA,45.25,-74.13333333333334,1,1
PLHEL,Hel,PL,54.6,18.8,1,1
SEHLD,Holmsund,SE,,,1,1
SEDOM,Domsjö,SE,,,1,1
GBSOU,Southampton,GB,,,1,1
SEHAD,Halmstad,SE,56.666666666666664,12.85,1,1
FISKV,Sköldvik (Kilpilahti),FI,60.3,25.55,1,1
DKFDH,Frederikshavn,DK,,,1,1
NOBGO,Bergen,NO,60.38333333333333,5.316666666666666,1,1
SESOE,Södertälje,SE,59.2,17.616666666666667,1,1
NOKAR,Kårstø,NO,59.266666666666666,5.516666666666667,1,1
VNSGN,Ho Chi Minh City,VN,10.766666666666667,106.66666666666667,1,1
SEVBY,Visby,SE,57.63333333333333,18.3,1,1
NLTNZ,Terneuzen,NL,51.46666666666667,3.8166666666666664,1,1
DKFYH,Fynshav,DK,54.96666666666667,9.966666666666667,1,1
FIINK,Inkoo (Ingå),FI,,,1,1
TRALA,Alanya,TR,36.53333333333333,31.983333333333334,1,1
FIRAU,Raumo (Rauma),FI,61.13333333333333,21.5,1,1
DKAAB,Åbenrå,DK,55.03333333333333,9.433333333333334,1,1
FIKTK,Kotka,FI,60.46666666666667,26.916666666666668,1,1
SEROR,Rönnskär,SE,,,1,1
RUKAN,Kandalaksha,RU,,,1,1
DKMID,Middelfart,DK,,,1,1
DKKOL,Kolding,DK,,,1,1
SEKGM,Klagshamn,SE,55.53333333333333,12.916666666666666,1,1
MACAS,Casablanca,MA,33.583333333333336,-7.6,1,1
BRPNG,Paranaguá,BR,-25.5,-48.516666666666666,1,1
SEGVX,Gävle,SE,60.666666666666664,17.166666666666668,1,1
FRPJE,Port-Jérôme,FR,49.46666666666667,0.5333333333333333,1,1
