datum,sorozat,ertek,alapnapok,alapszint,elteres,kuszob,jelzes
2026-06-07,Megrakott tanker (7 nap),115,0,,,0.1402,nincs alapszint
2026-06-08,Megrakott tanker (7 nap),110,0,,,0.1402,nincs alapszint
2026-06-09,Megrakott tanker (7 nap),110,0,,,0.1402,nincs alapszint
2026-06-10,Megrakott tanker (7 nap),110,0,,,0.1402,nincs alapszint
2026-06-11,Megrakott tanker (7 nap),108,0,,,0.1402,nincs alapszint
2026-06-12,Megrakott tanker (7 nap),113,0,,,0.1402,nincs alapszint
2026-06-13,Megrakott tanker (7 nap),110,0,,,0.1402,nincs alapszint
2026-06-14,Megrakott tanker (7 nap),108,1,,,0.1402,nincs alapszint
2026-06-15,Megrakott tanker (7 nap),111,1,,,0.1402,nincs alapszint
2026-06-16,Megrakott tanker (7 nap),114,1,,,0.1402,nincs alapszint
2026-06-17,Megrakott tanker (7 nap),117,1,,,0.1402,nincs alapszint
2026-06-18,Megrakott tanker (7 nap),116,1,,,0.1402,nincs alapszint
2026-06-19,Megrakott tanker (7 nap),118,1,,,0.1402,nincs alapszint
2026-06-20,Megrakott tanker (7 nap),118,1,,,0.1402,nincs alapszint
2026-06-21,Megrakott tanker (7 nap),116,2,,,0.1402,nincs alapszint
2026-06-22,Megrakott tanker (7 nap),118,2,,,0.1402,nincs alapszint
2026-06-23,Megrakott tanker (7 nap),108,2,,,0.1402,nincs alapszint
2026-06-24,Megrakott tanker (7 nap),108,2,,,0.1402,nincs alapszint
2026-06-25,Megrakott tanker (7 nap),103,2,,,0.1402,nincs alapszint
2026-06-26,Megrakott tanker (7 nap),105,2,,,0.1402,nincs alapszint
2026-06-27,Megrakott tanker (7 nap),105,2,,,0.1402,nincs alapszint
2026-06-28,Megrakott tanker (7 nap),112,3,115.0,-0.0261,0.1402,normál
2026-06-29,Megrakott tanker (7 nap),114,3,111.0,0.027,0.1402,normál
2026-06-30,Megrakott tanker (7 nap),120,3,110.0,0.0909,0.1402,normál
2026-07-01,Megrakott tanker (7 nap),119,3,110.0,0.0818,0.1402,normál
2026-07-02,Megrakott tanker (7 nap),119,3,108.0,0.1019,0.1402,normál
2026-07-03,Megrakott tanker (7 nap),112,3,113.0,-0.0088,0.1402,normál
2026-07-04,Megrakott tanker (7 nap),110,3,110.0,0.0,0.1402,normál
2026-07-05,Megrakott tanker (7 nap),104,4,113.5,-0.0837,0.1402,normál
2026-07-06,Megrakott tanker (7 nap),101,4,112.5,-0.1022,0.1402,normál
2026-07-07,Megrakott tanker (7 nap),97,4,112.0,-0.1339,0.1402,normál
2026-07-08,Megrakott tanker (7 nap),102,4,113.5,-0.1013,0.1402,normál
2026-07-09,Megrakott tanker (7 nap),111,4,112.0,-0.0089,0.1402,normál
2026-07-10,Megrakott tanker (7 nap),109,4,112.5,-0.0311,0.1402,normál
2026-07-11,Megrakott tanker (7 nap),110,4,110.0,0.0,0.1402,normál
2026-07-12,Megrakott tanker (7 nap),111,4,110.0,0.0091,0.1402,normál
2026-07-13,Megrakott tanker (7 nap),117,4,112.5,0.04,0.1402,normál
2026-07-14,Megrakott tanker (7 nap),123,4,111.0,0.1081,0.1402,normál
2026-07-15,Megrakott tanker (7 nap),122,4,112.5,0.0844,0.1402,normál
2026-07-16,Megrakott tanker (7 nap),116,4,113.5,0.022,0.1402,normál
2026-07-17,Megrakott tanker (7 nap),125,4,110.5,0.1312,0.1402,normál
2026-07-18,Megrakott tanker (7 nap),119,4,110.0,0.0818,0.1402,normál
2026-07-19,Megrakott tanker (7 nap),125,4,111.5,0.1211,0.1402,normál
2026-07-20,Megrakott tanker (7 nap),120,4,115.5,0.039,0.1402,normál
2026-07-21,Megrakott tanker (7 nap),113,4,114.0,-0.0088,0.1402,normál
2026-07-22,Megrakott tanker (7 nap),111,4,113.5,-0.022,0.1402,normál
2026-07-23,Megrakott tanker (7 nap),115,4,113.5,0.0132,0.1402,normál
2026-07-24,Megrakott tanker (7 nap),113,4,110.5,0.0226,0.1402,normál
2026-07-25,Megrakott tanker (7 nap),116,4,110.0,0.0545,0.1402,normál
2026-07-26,Megrakott tanker (7 nap),112,4,111.5,0.0045,0.1402,normál
2026-07-27,Megrakott tanker (7 nap),113,4,115.5,-0.0216,0.1402,normál
2026-07-28,Megrakott tanker (7 nap),118,4,116.5,0.0129,0.1402,normál
2026-07-29,Megrakott tanker (7 nap),120,4,115.0,0.0435,0.1402,normál
2026-07-30,Megrakott tanker (7 nap),120,4,115.5,0.039,0.1402,normál
2026-07-31,Megrakott tanker (7 nap),117,4,112.5,0.04,0.1402,normál
2026-08-01,Megrakott tanker (7 nap),126,4,113.0,0.115,0.1402,normál
2026-08-02,Megrakott tanker (7 nap),123,4,111.5,0.1031,0.1402,normál
2026-08-03,Megrakott tanker (7 nap),122,4,115.0,0.0609,0.1402,normál
2026-08-04,Megrakott tanker (7 nap),124,4,115.5,0.0736,0.1402,normál
2026-08-05,Megrakott tanker (7 nap),117,4,115.5,0.013,0.1402,normál
2026-08-06,Megrakott tanker (7 nap),112,4,115.5,-0.0303,0.1402,normál
2026-08-07,Megrakott tanker (7 nap),110,4,115.0,-0.0435,0.1402,normál
2026-08-08,Megrakott tanker (7 nap),112,4,117.5,-0.0468,0.1402,normál
2026-08-09,Megrakott tanker (7 nap),112,4,117.5,-0.0468,0.1402,normál
2026-08-10,Megrakott tanker (7 nap),110,4,118.5,-0.0717,0.1402,normál
2026-08-11,Megrakott tanker (7 nap),102,4,120.5,-0.1535,0.1402,szokatlanul alacsony
2026-08-12,Megrakott tanker (7 nap),114,4,118.5,-0.038,0.1402,normál
2026-08-13,Megrakott tanker (7 nap),125,4,115.5,0.0823,0.1402,normál
2026-08-14,Megrakott tanker (7 nap),122,4,115.0,0.0609,0.1402,normál
2026-08-15,Megrakott tanker (7 nap),109,4,117.5,-0.0723,0.1402,normál
2026-08-16,Megrakott tanker (7 nap),110,4,117.5,-0.0638,0.1402,normál
2026-08-17,Megrakott tanker (7 nap),114,4,116.5,-0.0215,0.1402,normál
2026-08-18,Megrakott tanker (7 nap),118,4,115.5,0.0216,0.1402,normál
2026-08-19,Megrakott tanker (7 nap),113,4,115.5,-0.0216,0.1402,normál
2026-08-20,Megrakott tanker (7 nap),106,4,117.5,-0.0979,0.1402,normál
2026-08-21,Megrakott tanker (7 nap),109,4,115.0,-0.0522,0.1402,normál
2026-08-22,Megrakott tanker (7 nap),106,4,114.0,-0.0702,0.1402,normál
2026-08-23,Megrakott tanker (7 nap),112,4,112.0,0.0,0.1402,normál
2026-08-24,Megrakott tanker (7 nap),111,4,113.5,-0.022,0.1402,normál
2026-08-25,Megrakott tanker (7 nap),118,4,118.0,0.0,0.1402,normál
2026-08-26,Megrakott tanker (7 nap),119,4,115.5,0.0303,0.1402,normál
2026-08-27,Megrakott tanker (7 nap),110,4,116.0,-0.0517,0.1402,normál
2026-08-28,Megrakott tanker (7 nap),108,4,113.5,-0.0485,0.1402,normál
2026-08-29,Megrakott tanker (7 nap),124,4,110.5,0.1222,0.1402,normál
2026-08-30,Megrakott tanker (7 nap),122,4,112.0,0.0893,0.1402,normál
2026-08-31,Megrakott tanker (7 nap),116,4,112.5,0.0311,0.1402,normál
2026-09-01,Megrakott tanker (7 nap),108,4,118.0,-0.0847,0.1402,normál
2026-09-02,Megrakott tanker (7 nap),113,4,115.5,-0.0216,0.1402,normál
2026-09-03,Megrakott tanker (7 nap),126,4,111.0,0.1351,0.1402,normál
2026-09-04,Megrakott tanker (7 nap),134,4,109.5,0.2237,0.1402,szokatlanul magas
2026-09-05,Megrakott tanker (7 nap),125,4,110.5,0.1312,0.1402,normál
2026-09-06,Megrakott tanker (7 nap),117,4,112.0,0.0446,0.1402,normál
2026-09-07,Megrakott tanker (7 nap),120,4,112.5,0.0667,0.1402,normál
2026-09-08,Megrakott tanker (7 nap),124,4,113.0,0.0973,0.1402,normál
2026-09-09,Megrakott tanker (7 nap),114,4,113.5,0.0044,0.1402,normál
2026-09-10,Megrakott tanker (7 nap),111,4,117.5,-0.0553,0.1402,normál
2026-09-11,Megrakott tanker (7 nap),108,4,115.5,-0.0649,0.1402,normál
2026-09-12,Megrakott tanker (7 nap),109,4,116.5,-0.0644,0.1402,normál
2026-09-13,Megrakott tanker (7 nap),112,4,114.5,-0.0218,0.1402,normál
2026-09-14,Megrakott tanker (7 nap),115,4,115.0,0.0,0.1402,normál
2026-09-15,Megrakott tanker (7 nap),116,4,118.0,-0.0169,0.1402,normál
2026-09-16,Megrakott tanker (7 nap),120,4,113.5,0.0573,0.1402,normál
2026-09-17,Megrakott tanker (7 nap),113,4,110.5,0.0226,0.1402,normál
2026-09-18,Megrakott tanker (7 nap),112,4,108.5,0.0323,0.1402,normál
2026-09-19,Megrakott tanker (7 nap),109,4,116.5,-0.0644,0.1402,normál
2026-09-20,Megrakott tanker (7 nap),110,4,114.5,-0.0393,0.1402,normál
2026-09-21,Megrakott tanker (7 nap),110,4,115.5,-0.0476,0.1402,normál
2026-09-22,Megrakott tanker (7 nap),105,4,117.0,-0.1026,0.1402,normál
2026-09-23,Megrakott tanker (7 nap),106,4,116.5,-0.0901,0.1402,normál
2026-09-24,Megrakott tanker (7 nap),115,4,112.0,0.0268,0.1402,normál
2026-09-25,Megrakott tanker (7 nap),113,4,110.0,0.0273,0.1402,normál
2026-09-26,Megrakott tanker (7 nap),117,4,116.5,0.0043,0.1402,normál
2026-09-27,Megrakott tanker (7 nap),116,4,114.5,0.0131,0.1402,normál
2026-09-28,Megrakott tanker (7 nap),113,4,115.5,-0.0216,0.1402,normál
2026-09-29,Megrakott tanker (7 nap),108,4,112.0,-0.0357,0.1402,normál
2026-09-30,Megrakott tanker (7 nap),108,4,113.5,-0.0485,0.1402,normál
2026-10-01,Megrakott tanker (7 nap),101,4,114.0,-0.114,0.1402,normál
2026-10-02,Megrakott tanker (7 nap),104,4,112.5,-0.0756,0.1402,normál
2026-10-03,Megrakott tanker (7 nap),111,4,113.0,-0.0177,0.1402,normál
2026-10-04,Megrakott tanker (7 nap),117,4,114.0,0.0263,0.1402,normál
2026-10-05,Megrakott tanker (7 nap),118,4,114.0,0.0351,0.1402,normál
2026-10-06,Megrakott tanker (7 nap),128,4,112.0,0.1429,0.1402,szokatlanul magas
2026-10-07,Megrakott tanker (7 nap),125,4,111.0,0.1261,0.1402,normál
2026-06-07,Megrakott teherhajó (7 nap),335,0,,,0.2027,nincs alapszint
2026-06-08,Megrakott teherhajó (7 nap),344,0,,,0.2027,nincs alapszint
2026-06-09,Megrakott teherhajó (7 nap),332,0,,,0.2027,nincs alapszint
2026-06-10,Megrakott teherhajó (7 nap),337,0,,,0.2027,nincs alapszint
2026-06-11,Megrakott teherhajó (7 nap),334,0,,,0.2027,nincs alapszint
2026-06-12,Megrakott teherhajó (7 nap),346,0,,,0.2027,nincs alapszint
2026-06-13,Megrakott teherhajó (7 nap),353,0,,,0.2027,nincs alapszint
2026-06-14,Megrakott teherhajó (7 nap),357,1,,,0.2027,nincs alapszint
2026-06-15,Megrakott teherhajó (7 nap),353,1,,,0.2027,nincs alapszint
2026-06-16,Megrakott teherhajó (7 nap),367,1,,,0.2027,nincs alapszint
2026-06-17,Megrakott teherhajó (7 nap),370,1,,,0.2027,nincs alapszint
2026-06-18,Megrakott teherhajó (7 nap),363,1,,,0.2027,nincs alapszint
2026-06-19,Megrakott teherhajó (7 nap),368,1,,,0.2027,nincs alapszint
2026-06-20,Megrakott teherhajó (7 nap),365,1,,,0.2027,nincs alapszint
2026-06-21,Megrakott teherhajó (7 nap),355,2,,,0.2027,nincs alapszint
2026-06-22,Megrakott teherhajó (7 nap),369,2,,,0.2027,nincs alapszint
2026-06-23,Megrakott teherhajó (7 nap),374,2,,,0.2027,nincs alapszint
2026-06-24,Megrakott teherhajó (7 nap),357,2,,,0.2027,nincs alapszint
2026-06-25,Megrakott teherhajó (7 nap),364,2,,,0.2027,nincs alapszint
2026-06-26,Megrakott teherhajó (7 nap),361,2,,,0.2027,nincs alapszint
2026-06-27,Megrakott teherhajó (7 nap),361,2,,,0.2027,nincs alapszint
2026-06-28,Megrakott teherhajó (7 nap),354,3,355.0,-0.0028,0.2027,normál
2026-06-29,Megrakott teherhajó (7 nap),355,3,353.0,0.0057,0.2027,normál
2026-06-30,Megrakott teherhajó (7 nap),337,3,367.0,-0.0817,0.2027,normál
2026-07-01,Megrakott teherhajó (7 nap),339,3,357.0,-0.0504,0.2027,normál
2026-07-02,Megrakott teherhajó (7 nap),324,3,363.0,-0.1074,0.2027,normál
2026-07-03,Megrakott teherhajó (7 nap),316,3,361.0,-0.1247,0.2027,normál
2026-07-04,Megrakott teherhajó (7 nap),315,3,361.0,-0.1274,0.2027,normál
2026-07-05,Megrakott teherhajó (7 nap),340,4,354.5,-0.0409,0.2027,normál
2026-07-06,Megrakott teherhajó (7 nap),332,4,354.0,-0.0621,0.2027,normál
2026-07-07,Megrakott teherhajó (7 nap),324,4,352.0,-0.0795,0.2027,normál
2026-07-08,Megrakott teherhajó (7 nap),330,4,348.0,-0.0517,0.2027,normál
2026-07-09,Megrakott teherhajó (7 nap),340,4,348.5,-0.0244,0.2027,normál
2026-07-10,Megrakott teherhajó (7 nap),344,4,353.5,-0.0269,0.2027,normál
2026-07-11,Megrakott teherhajó (7 nap),358,4,357.0,0.0028,0.2027,normál
2026-07-12,Megrakott teherhajó (7 nap),337,4,354.5,-0.0494,0.2027,normál
2026-07-13,Megrakott teherhajó (7 nap),340,4,354.0,-0.0395,0.2027,normál
2026-07-14,Megrakott teherhajó (7 nap),350,4,352.0,-0.0057,0.2027,normál
2026-07-15,Megrakott teherhajó (7 nap),367,4,348.0,0.0546,0.2027,normál
2026-07-16,Megrakott teherhajó (7 nap),367,4,351.5,0.0441,0.2027,normál
2026-07-17,Megrakott teherhajó (7 nap),392,4,352.5,0.1121,0.2027,normál
2026-07-18,Megrakott teherhajó (7 nap),385,4,359.5,0.0709,0.2027,normál
2026-07-19,Megrakott teherhajó (7 nap),385,4,347.0,0.1095,0.2027,normál
2026-07-20,Megrakott teherhajó (7 nap),380,4,347.5,0.0935,0.2027,normál
2026-07-21,Megrakott teherhajó (7 nap),368,4,343.5,0.0713,0.2027,normál
2026-07-22,Megrakott teherhajó (7 nap),356,4,348.0,0.023,0.2027,normál
2026-07-23,Megrakott teherhajó (7 nap),348,4,352.0,-0.0114,0.2027,normál
2026-07-24,Megrakott teherhajó (7 nap),318,4,352.5,-0.0979,0.2027,normál
2026-07-25,Megrakott teherhajó (7 nap),315,4,359.5,-0.1238,0.2027,normál
2026-07-26,Megrakott teherhajó (7 nap),320,4,347.0,-0.0778,0.2027,normál
2026-07-27,Megrakott teherhajó (7 nap),318,4,347.5,-0.0849,0.2027,normál
2026-07-28,Megrakott teherhajó (7 nap),327,4,343.5,-0.048,0.2027,normál
2026-07-29,Megrakott teherhajó (7 nap),324,4,347.5,-0.0676,0.2027,normál
2026-07-30,Megrakott teherhajó (7 nap),335,4,344.0,-0.0262,0.2027,normál
2026-07-31,Megrakott teherhajó (7 nap),339,4,331.0,0.0242,0.2027,normál
2026-08-01,Megrakott teherhajó (7 nap),330,4,336.5,-0.0193,0.2027,normál
2026-08-02,Megrakott teherhajó (7 nap),332,4,338.5,-0.0192,0.2027,normál
2026-08-03,Megrakott teherhajó (7 nap),332,4,336.0,-0.0119,0.2027,normál
2026-08-04,Megrakott teherhajó (7 nap),335,4,338.5,-0.0103,0.2027,normál
2026-08-05,Megrakott teherhajó (7 nap),332,4,343.0,-0.0321,0.2027,normál
2026-08-06,Megrakott teherhajó (7 nap),334,4,344.0,-0.0291,0.2027,normál
2026-08-07,Megrakott teherhajó (7 nap),317,4,341.5,-0.0717,0.2027,normál
2026-08-08,Megrakott teherhajó (7 nap),332,4,344.0,-0.0349,0.2027,normál
2026-08-09,Megrakott teherhajó (7 nap),344,4,334.5,0.0284,0.2027,normál
2026-08-10,Megrakott teherhajó (7 nap),347,4,336.0,0.0327,0.2027,normál
2026-08-11,Megrakott teherhajó (7 nap),340,4,342.5,-0.0073,0.2027,normál
2026-08-12,Megrakott teherhajó (7 nap),354,4,344.0,0.0291,0.2027,normál
2026-08-13,Megrakott teherhajó (7 nap),344,4,341.5,0.0073,0.2027,normál
2026-08-14,Megrakott teherhajó (7 nap),365,4,328.5,0.1111,0.2027,normál
2026-08-15,Megrakott teherhajó (7 nap),349,4,331.0,0.0544,0.2027,normál
2026-08-16,Megrakott teherhajó (7 nap),353,4,338.0,0.0444,0.2027,normál
2026-08-17,Megrakott teherhajó (7 nap),347,4,339.5,0.0221,0.2027,normál
2026-08-18,Megrakott teherhajó (7 nap),375,4,337.5,0.1111,0.2027,normál
2026-08-19,Megrakott teherhajó (7 nap),360,4,343.0,0.0496,0.2027,normál
2026-08-20,Megrakott teherhajó (7 nap),372,4,339.5,0.0957,0.2027,normál
2026-08-21,Megrakott teherhajó (7 nap),373,4,328.5,0.1355,0.2027,normál
2026-08-22,Megrakott teherhajó (7 nap),375,4,331.0,0.1329,0.2027,normál
2026-08-23,Megrakott teherhajó (7 nap),368,4,338.0,0.0888,0.2027,normál
2026-08-24,Megrakott teherhajó (7 nap),378,4,339.5,0.1134,0.2027,normál
2026-08-25,Megrakott teherhajó (7 nap),363,4,337.5,0.0756,0.2027,normál
2026-08-26,Megrakott teherhajó (7 nap),367,4,343.0,0.07,0.2027,normál
2026-08-27,Megrakott teherhajó (7 nap),362,4,339.5,0.0663,0.2027,normál
2026-08-28,Megrakott teherhajó (7 nap),376,4,352.0,0.0682,0.2027,normál
2026-08-29,Megrakott teherhajó (7 nap),390,4,340.5,0.1454,0.2027,normál
2026-08-30,Megrakott teherhajó (7 nap),381,4,348.5,0.0933,0.2027,normál
2026-08-31,Megrakott teherhajó (7 nap),374,4,347.0,0.0778,0.2027,normál
2026-09-01,Megrakott teherhajó (7 nap),368,4,351.5,0.0469,0.2027,normál
2026-09-02,Megrakott teherhajó (7 nap),370,4,357.0,0.0364,0.2027,normál
2026-09-03,Megrakott teherhajó (7 nap),364,4,353.0,0.0312,0.2027,normál
2026-09-04,Megrakott teherhajó (7 nap),343,4,369.0,-0.0705,0.2027,normál
2026-09-05,Megrakott teherhajó (7 nap),322,4,362.0,-0.1105,0.2027,normál
2026-09-06,Megrakott teherhajó (7 nap),309,4,360.5,-0.1429,0.2027,normál
2026-09-07,Megrakott teherhajó (7 nap),310,4,360.5,-0.1401,0.2027,normál
2026-09-08,Megrakott teherhajó (7 nap),313,4,365.5,-0.1436,0.2027,normál
2026-09-09,Megrakott teherhajó (7 nap),311,4,363.5,-0.1444,0.2027,normál
2026-09-10,Megrakott teherhajó (7 nap),302,4,363.0,-0.168,0.2027,normál
2026-09-11,Megrakott teherhajó (7 nap),306,4,369.0,-0.1707,0.2027,normál
2026-09-12,Megrakott teherhajó (7 nap),309,4,362.0,-0.1464,0.2027,normál
2026-09-13,Megrakott teherhajó (7 nap),319,4,360.5,-0.1151,0.2027,normál
2026-09-14,Megrakott teherhajó (7 nap),322,4,360.5,-0.1068,0.2027,normál
2026-09-15,Megrakott teherhajó (7 nap),315,4,365.5,-0.1382,0.2027,normál
2026-09-16,Megrakott teherhajó (7 nap),328,4,363.5,-0.0977,0.2027,normál
2026-09-17,Megrakott teherhajó (7 nap),339,4,363.0,-0.0661,0.2027,normál
2026-09-18,Megrakott teherhajó (7 nap),349,4,358.0,-0.0251,0.2027,normál
2026-09-19,Megrakott teherhajó (7 nap),357,4,348.5,0.0244,0.2027,normál
2026-09-20,Megrakott teherhajó (7 nap),355,4,343.5,0.0335,0.2027,normál
2026-09-21,Megrakott teherhajó (7 nap),341,4,348.0,-0.0201,0.2027,normál
2026-09-22,Megrakott teherhajó (7 nap),349,4,339.0,0.0295,0.2027,normál
2026-09-23,Megrakott teherhajó (7 nap),346,4,347.5,-0.0043,0.2027,normál
2026-09-24,Megrakott teherhajó (7 nap),348,4,350.5,-0.0071,0.2027,normál
2026-09-25,Megrakott teherhajó (7 nap),338,4,346.0,-0.0231,0.2027,normál
2026-09-26,Megrakott teherhajó (7 nap),339,4,339.5,-0.0015,0.2027,normál
2026-09-27,Megrakott teherhajó (7 nap),357,4,337.0,0.0593,0.2027,normál
2026-09-28,Megrakott teherhajó (7 nap),373,4,331.5,0.1252,0.2027,normál
2026-09-29,Megrakott teherhajó (7 nap),364,4,332.0,0.0964,0.2027,normál
2026-09-30,Megrakott teherhajó (7 nap),361,4,337.0,0.0712,0.2027,normál
2026-10-01,Megrakott teherhajó (7 nap),388,4,343.5,0.1295,0.2027,normál
2026-10-02,Megrakott teherhajó (7 nap),385,4,340.5,0.1307,0.2027,normál
2026-10-03,Megrakott teherhajó (7 nap),382,4,330.5,0.1558,0.2027,normál
2026-10-04,Megrakott teherhajó (7 nap),366,4,337.0,0.0861,0.2027,normál
2026-10-05,Megrakott teherhajó (7 nap),375,4,331.5,0.1312,0.2027,normál
2026-10-06,Megrakott teherhajó (7 nap),386,4,332.0,0.1627,0.2027,normál
2026-10-07,Megrakott teherhajó (7 nap),382,4,337.0,0.1335,0.2027,normál
2026-06-07,"Tanker-volumen (7 nap, 1000 m³)",12963,0,,,0.2011,nincs alapszint
2026-06-08,"Tanker-volumen (7 nap, 1000 m³)",12709,0,,,0.2011,nincs alapszint
2026-06-09,"Tanker-volumen (7 nap, 1000 m³)",12110,0,,,0.2011,nincs alapszint
2026-06-10,"Tanker-volumen (7 nap, 1000 m³)",12124,0,,,0.2011,nincs alapszint
2026-06-11,"Tanker-volumen (7 nap, 1000 m³)",11931,0,,,0.2011,nincs alapszint
2026-06-12,"Tanker-volumen (7 nap, 1000 m³)",12273,0,,,0.2011,nincs alapszint
2026-06-13,"Tanker-volumen (7 nap, 1000 m³)",12183,0,,,0.2011,nincs alapszint
2026-06-14,"Tanker-volumen (7 nap, 1000 m³)",12708,1,,,0.2011,nincs alapszint
2026-06-15,"Tanker-volumen (7 nap, 1000 m³)",12933,1,,,0.2011,nincs alapszint
2026-06-16,"Tanker-volumen (7 nap, 1000 m³)",12288,1,,,0.2011,nincs alapszint
2026-06-17,"Tanker-volumen (7 nap, 1000 m³)",12880,1,,,0.2011,nincs alapszint
2026-06-18,"Tanker-volumen (7 nap, 1000 m³)",12841,1,,,0.2011,nincs alapszint
2026-06-19,"Tanker-volumen (7 nap, 1000 m³)",12940,1,,,0.2011,nincs alapszint
2026-06-20,"Tanker-volumen (7 nap, 1000 m³)",13446,1,,,0.2011,nincs alapszint
2026-06-21,"Tanker-volumen (7 nap, 1000 m³)",12837,2,,,0.2011,nincs alapszint
2026-06-22,"Tanker-volumen (7 nap, 1000 m³)",12499,2,,,0.2011,nincs alapszint
2026-06-23,"Tanker-volumen (7 nap, 1000 m³)",12155,2,,,0.2011,nincs alapszint
2026-06-24,"Tanker-volumen (7 nap, 1000 m³)",12040,2,,,0.2011,nincs alapszint
2026-06-25,"Tanker-volumen (7 nap, 1000 m³)",11442,2,,,0.2011,nincs alapszint
2026-06-26,"Tanker-volumen (7 nap, 1000 m³)",11459,2,,,0.2011,nincs alapszint
2026-06-27,"Tanker-volumen (7 nap, 1000 m³)",10481,2,,,0.2011,nincs alapszint
2026-06-28,"Tanker-volumen (7 nap, 1000 m³)",11202,3,12837.0,-0.1274,0.2011,normál
2026-06-29,"Tanker-volumen (7 nap, 1000 m³)",11703,3,12709.0,-0.0792,0.2011,normál
2026-06-30,"Tanker-volumen (7 nap, 1000 m³)",13140,3,12155.0,0.081,0.2011,normál
2026-07-01,"Tanker-volumen (7 nap, 1000 m³)",12638,3,12124.0,0.0424,0.2011,normál
2026-07-02,"Tanker-volumen (7 nap, 1000 m³)",12907,3,11931.0,0.0818,0.2011,normál
2026-07-03,"Tanker-volumen (7 nap, 1000 m³)",12193,3,12273.0,-0.0065,0.2011,normál
2026-07-04,"Tanker-volumen (7 nap, 1000 m³)",12539,3,12183.0,0.0292,0.2011,normál
2026-07-05,"Tanker-volumen (7 nap, 1000 m³)",12542,4,12772.5,-0.018,0.2011,normál
2026-07-06,"Tanker-volumen (7 nap, 1000 m³)",11981,4,12604.0,-0.0494,0.2011,normál
2026-07-07,"Tanker-volumen (7 nap, 1000 m³)",10890,4,12221.5,-0.1089,0.2011,normál
2026-07-08,"Tanker-volumen (7 nap, 1000 m³)",11054,4,12381.0,-0.1072,0.2011,normál
2026-07-09,"Tanker-volumen (7 nap, 1000 m³)",11453,4,12386.0,-0.0753,0.2011,normál
2026-07-10,"Tanker-volumen (7 nap, 1000 m³)",11403,4,12233.0,-0.0678,0.2011,normál
2026-07-11,"Tanker-volumen (7 nap, 1000 m³)",11712,4,12361.0,-0.0525,0.2011,normál
2026-07-12,"Tanker-volumen (7 nap, 1000 m³)",11012,4,12625.0,-0.1278,0.2011,normál
2026-07-13,"Tanker-volumen (7 nap, 1000 m³)",11774,4,12240.0,-0.0381,0.2011,normál
2026-07-14,"Tanker-volumen (7 nap, 1000 m³)",12381,4,12221.5,0.0131,0.2011,normál
2026-07-15,"Tanker-volumen (7 nap, 1000 m³)",12338,4,12339.0,-0.0001,0.2011,normál
2026-07-16,"Tanker-volumen (7 nap, 1000 m³)",12108,4,12147.0,-0.0032,0.2011,normál
2026-07-17,"Tanker-volumen (7 nap, 1000 m³)",12348,4,11826.0,0.0441,0.2011,normál
2026-07-18,"Tanker-volumen (7 nap, 1000 m³)",11537,4,12125.5,-0.0485,0.2011,normál
2026-07-19,"Tanker-volumen (7 nap, 1000 m³)",12016,4,11872.0,0.0121,0.2011,normál
2026-07-20,"Tanker-volumen (7 nap, 1000 m³)",11813,4,11877.5,-0.0054,0.2011,normál
2026-07-21,"Tanker-volumen (7 nap, 1000 m³)",11329,4,12268.0,-0.0765,0.2011,normál
2026-07-22,"Tanker-volumen (7 nap, 1000 m³)",11110,4,12189.0,-0.0885,0.2011,normál
2026-07-23,"Tanker-volumen (7 nap, 1000 m³)",11120,4,11780.5,-0.0561,0.2011,normál
2026-07-24,"Tanker-volumen (7 nap, 1000 m³)",11213,4,11826.0,-0.0518,0.2011,normál
2026-07-25,"Tanker-volumen (7 nap, 1000 m³)",11080,4,11624.5,-0.0468,0.2011,normál
2026-07-26,"Tanker-volumen (7 nap, 1000 m³)",10718,4,11609.0,-0.0768,0.2011,normál
2026-07-27,"Tanker-volumen (7 nap, 1000 m³)",11000,4,11793.5,-0.0673,0.2011,normál
2026-07-28,"Tanker-volumen (7 nap, 1000 m³)",11224,4,11855.0,-0.0532,0.2011,normál
2026-07-29,"Tanker-volumen (7 nap, 1000 m³)",11723,4,11724.0,-0.0001,0.2011,normál
2026-07-30,"Tanker-volumen (7 nap, 1000 m³)",11583,4,11780.5,-0.0168,0.2011,normál
2026-07-31,"Tanker-volumen (7 nap, 1000 m³)",11541,4,11798.0,-0.0218,0.2011,normál
2026-08-01,"Tanker-volumen (7 nap, 1000 m³)",12520,4,11624.5,0.077,0.2011,normál
2026-08-02,"Tanker-volumen (7 nap, 1000 m³)",12963,4,11514.0,0.1258,0.2011,normál
2026-08-03,"Tanker-volumen (7 nap, 1000 m³)",12187,4,11793.5,0.0334,0.2011,normál
2026-08-04,"Tanker-volumen (7 nap, 1000 m³)",12441,4,11276.5,0.1033,0.2011,normál
2026-08-05,"Tanker-volumen (7 nap, 1000 m³)",12325,4,11416.5,0.0796,0.2011,normál
2026-08-06,"Tanker-volumen (7 nap, 1000 m³)",12232,4,11518.0,0.062,0.2011,normál
2026-08-07,"Tanker-volumen (7 nap, 1000 m³)",11867,4,11472.0,0.0344,0.2011,normál
2026-08-08,"Tanker-volumen (7 nap, 1000 m³)",12793,4,11624.5,0.1005,0.2011,normál
2026-08-09,"Tanker-volumen (7 nap, 1000 m³)",13314,4,11514.0,0.1563,0.2011,normál
2026-08-10,"Tanker-volumen (7 nap, 1000 m³)",13116,4,11793.5,0.1121,0.2011,normál
2026-08-11,"Tanker-volumen (7 nap, 1000 m³)",12510,4,11855.0,0.0553,0.2011,normál
2026-08-12,"Tanker-volumen (7 nap, 1000 m³)",12658,4,12024.0,0.0527,0.2011,normál
2026-08-13,"Tanker-volumen (7 nap, 1000 m³)",13471,4,11845.5,0.1372,0.2011,normál
2026-08-14,"Tanker-volumen (7 nap, 1000 m³)",13679,4,11704.0,0.1687,0.2011,normál
2026-08-15,"Tanker-volumen (7 nap, 1000 m³)",12094,4,12028.5,0.0054,0.2011,normál
2026-08-16,"Tanker-volumen (7 nap, 1000 m³)",11546,4,12489.5,-0.0755,0.2011,normál
2026-08-17,"Tanker-volumen (7 nap, 1000 m³)",12782,4,12000.0,0.0652,0.2011,normál
2026-08-18,"Tanker-volumen (7 nap, 1000 m³)",12689,4,11885.0,0.0676,0.2011,normál
2026-08-19,"Tanker-volumen (7 nap, 1000 m³)",12665,4,12024.0,0.0533,0.2011,normál
2026-08-20,"Tanker-volumen (7 nap, 1000 m³)",12123,4,11907.5,0.0181,0.2011,normál
2026-08-21,"Tanker-volumen (7 nap, 1000 m³)",12497,4,11704.0,0.0678,0.2011,normál
2026-08-22,"Tanker-volumen (7 nap, 1000 m³)",12369,4,12307.0,0.005,0.2011,normál
2026-08-23,"Tanker-volumen (7 nap, 1000 m³)",13290,4,12254.5,0.0845,0.2011,normál
2026-08-24,"Tanker-volumen (7 nap, 1000 m³)",11982,4,12484.5,-0.0402,0.2011,normál
2026-08-25,"Tanker-volumen (7 nap, 1000 m³)",13267,4,12475.5,0.0634,0.2011,normál
2026-08-26,"Tanker-volumen (7 nap, 1000 m³)",13463,4,12491.5,0.0778,0.2011,normál
2026-08-27,"Tanker-volumen (7 nap, 1000 m³)",12821,4,12177.5,0.0528,0.2011,normál
2026-08-28,"Tanker-volumen (7 nap, 1000 m³)",12494,4,12182.0,0.0256,0.2011,normál
2026-08-29,"Tanker-volumen (7 nap, 1000 m³)",13517,4,12444.5,0.0862,0.2011,normál
2026-08-30,"Tanker-volumen (7 nap, 1000 m³)",12756,4,13126.5,-0.0282,0.2011,normál
2026-08-31,"Tanker-volumen (7 nap, 1000 m³)",13520,4,12484.5,0.0829,0.2011,normál
2026-09-01,"Tanker-volumen (7 nap, 1000 m³)",13450,4,12599.5,0.0675,0.2011,normál
2026-09-02,"Tanker-volumen (7 nap, 1000 m³)",13877,4,12661.5,0.096,0.2011,normál
2026-09-03,"Tanker-volumen (7 nap, 1000 m³)",14803,4,12526.5,0.1817,0.2011,normál
2026-09-04,"Tanker-volumen (7 nap, 1000 m³)",15485,4,12495.5,0.2392,0.2011,szokatlanul magas
2026-09-05,"Tanker-volumen (7 nap, 1000 m³)",14754,4,12581.0,0.1727,0.2011,normál
2026-09-06,"Tanker-volumen (7 nap, 1000 m³)",14821,4,13023.0,0.1381,0.2011,normál
2026-09-07,"Tanker-volumen (7 nap, 1000 m³)",14603,4,12949.0,0.1277,0.2011,normál
2026-09-08,"Tanker-volumen (7 nap, 1000 m³)",13858,4,12978.0,0.0678,0.2011,normál
2026-09-09,"Tanker-volumen (7 nap, 1000 m³)",12639,4,13064.0,-0.0325,0.2011,normál
2026-09-10,"Tanker-volumen (7 nap, 1000 m³)",12319,4,13146.0,-0.0629,0.2011,normál
2026-09-11,"Tanker-volumen (7 nap, 1000 m³)",12343,4,13088.0,-0.0569,0.2011,normál
2026-09-12,"Tanker-volumen (7 nap, 1000 m³)",12302,4,12943.0,-0.0495,0.2011,normál
2026-09-13,"Tanker-volumen (7 nap, 1000 m³)",11904,4,13023.0,-0.0859,0.2011,normál
2026-09-14,"Tanker-volumen (7 nap, 1000 m³)",11925,4,13151.0,-0.0932,0.2011,normál
2026-09-15,"Tanker-volumen (7 nap, 1000 m³)",11863,4,13358.5,-0.112,0.2011,normál
2026-09-16,"Tanker-volumen (7 nap, 1000 m³)",12375,4,13064.0,-0.0527,0.2011,normál
2026-09-17,"Tanker-volumen (7 nap, 1000 m³)",12598,4,12570.0,0.0022,0.2011,normál
2026-09-18,"Tanker-volumen (7 nap, 1000 m³)",11982,4,12495.5,-0.0411,0.2011,normál
2026-09-19,"Tanker-volumen (7 nap, 1000 m³)",11555,4,12943.0,-0.1072,0.2011,normál
2026-09-20,"Tanker-volumen (7 nap, 1000 m³)",11890,4,13023.0,-0.087,0.2011,normál
2026-09-21,"Tanker-volumen (7 nap, 1000 m³)",11731,4,12751.0,-0.08,0.2011,normál
2026-09-22,"Tanker-volumen (7 nap, 1000 m³)",11135,4,13358.5,-0.1664,0.2011,normál
2026-09-23,"Tanker-volumen (7 nap, 1000 m³)",10924,4,13051.0,-0.163,0.2011,normál
2026-09-24,"Tanker-volumen (7 nap, 1000 m³)",11464,4,12709.5,-0.098,0.2011,normál
2026-09-25,"Tanker-volumen (7 nap, 1000 m³)",11023,4,12418.5,-0.1124,0.2011,normál
2026-09-26,"Tanker-volumen (7 nap, 1000 m³)",12241,4,12909.5,-0.0518,0.2011,normál
2026-09-27,"Tanker-volumen (7 nap, 1000 m³)",12049,4,12330.0,-0.0228,0.2011,normál
2026-09-28,"Tanker-volumen (7 nap, 1000 m³)",11708,4,12722.5,-0.0797,0.2011,normál
2026-09-29,"Tanker-volumen (7 nap, 1000 m³)",11644,4,12656.5,-0.08,0.2011,normál
2026-09-30,"Tanker-volumen (7 nap, 1000 m³)",11180,4,12507.0,-0.1061,0.2011,normál
2026-10-01,"Tanker-volumen (7 nap, 1000 m³)",10353,4,12458.5,-0.169,0.2011,normál
2026-10-02,"Tanker-volumen (7 nap, 1000 m³)",10798,4,12162.5,-0.1122,0.2011,normál
2026-10-03,"Tanker-volumen (7 nap, 1000 m³)",10838,4,12271.5,-0.1168,0.2011,normál
2026-10-04,"Tanker-volumen (7 nap, 1000 m³)",10872,4,11976.5,-0.0922,0.2011,normál
2026-10-05,"Tanker-volumen (7 nap, 1000 m³)",11166,4,11828.0,-0.056,0.2011,normál
2026-10-06,"Tanker-volumen (7 nap, 1000 m³)",12004,4,11753.5,0.0213,0.2011,normál
2026-10-07,"Tanker-volumen (7 nap, 1000 m³)",12548,4,11777.5,0.0654,0.2011,normál
