datum,kapu,irany,csoport,atkeles,ertekelheto,megrakott,volumenindex,megrakott_arany
2026-06-01,Nagy-Balti-öv,dél,Tanker,9,9,7,562005.0,0.7778
2026-06-01,Nagy-Balti-öv,dél,Teherhajó,15,15,11,381431.0,0.7333
2026-06-01,Nagy-Balti-öv,észak,Tanker,9,5,4,1002619.0,0.8
2026-06-01,Nagy-Balti-öv,észak,Teherhajó,16,13,7,633592.0,0.5385
2026-06-01,Øresund,dél,Tanker,4,4,2,86922.0,0.5
2026-06-01,Øresund,dél,Teherhajó,15,15,8,290941.0,0.5333
2026-06-01,Øresund,észak,Tanker,8,7,4,112411.0,0.5714
2026-06-01,Øresund,észak,Teherhajó,18,16,11,233086.0,0.6875
2026-06-02,Nagy-Balti-öv,dél,Tanker,10,10,8,853283.0,0.8
2026-06-02,Nagy-Balti-öv,dél,Teherhajó,20,19,10,931811.0,0.5263
2026-06-02,Nagy-Balti-öv,észak,Tanker,15,12,8,1612944.0,0.6667
2026-06-02,Nagy-Balti-öv,észak,Teherhajó,20,19,18,1292305.0,0.9474
2026-06-02,Øresund,dél,Tanker,7,7,2,229920.0,0.2857
2026-06-02,Øresund,dél,Teherhajó,26,26,15,472235.0,0.5769
2026-06-02,Øresund,észak,Tanker,3,3,1,34648.0,0.3333
2026-06-02,Øresund,észak,Teherhajó,16,16,12,167792.0,0.75
2026-06-03,Nagy-Balti-öv,dél,Tanker,7,7,3,677314.0,0.4286
2026-06-03,Nagy-Balti-öv,dél,Teherhajó,18,17,15,970619.0,0.8824
2026-06-03,Nagy-Balti-öv,észak,Tanker,3,3,2,72358.0,0.6667
2026-06-03,Nagy-Balti-öv,észak,Teherhajó,18,14,11,987486.0,0.7857
2026-06-03,Øresund,dél,Tanker,13,13,5,527951.0,0.3846
2026-06-03,Øresund,dél,Teherhajó,18,18,9,256038.0,0.5
2026-06-03,Øresund,észak,Tanker,5,4,1,82983.0,0.25
2026-06-03,Øresund,észak,Teherhajó,16,15,10,267673.0,0.6667
2026-06-04,Nagy-Balti-öv,dél,Tanker,8,8,7,800178.0,0.875
2026-06-04,Nagy-Balti-öv,dél,Teherhajó,11,11,7,503593.0,0.6364
2026-06-04,Nagy-Balti-öv,észak,Tanker,9,6,4,893765.0,0.6667
2026-06-04,Nagy-Balti-öv,észak,Teherhajó,29,24,22,1742237.0,0.9167
2026-06-04,Øresund,dél,Tanker,11,11,5,281110.0,0.4545
2026-06-04,Øresund,dél,Teherhajó,19,19,11,291908.0,0.5789
2026-06-04,Øresund,észak,Tanker,6,6,2,78171.0,0.3333
2026-06-04,Øresund,észak,Teherhajó,22,21,18,291641.0,0.8571
2026-06-05,Nagy-Balti-öv,dél,Tanker,4,4,3,420555.0,0.75
2026-06-05,Nagy-Balti-öv,dél,Teherhajó,12,12,8,396350.0,0.6667
2026-06-05,Nagy-Balti-öv,észak,Tanker,9,6,4,961141.0,0.6667
2026-06-05,Nagy-Balti-öv,észak,Teherhajó,19,17,14,852821.0,0.8235
2026-06-05,Øresund,dél,Tanker,7,7,3,272673.0,0.4286
2026-06-05,Øresund,dél,Teherhajó,31,31,9,780594.0,0.2903
2026-06-05,Øresund,észak,Tanker,4,4,2,64603.0,0.5
2026-06-05,Øresund,észak,Teherhajó,12,12,8,180736.0,0.6667
2026-06-06,Nagy-Balti-öv,dél,Tanker,6,6,4,595875.0,0.6667
2026-06-06,Nagy-Balti-öv,dél,Teherhajó,15,15,9,522061.0,0.6
2026-06-06,Nagy-Balti-öv,észak,Tanker,14,12,7,1195879.0,0.5833
2026-06-06,Nagy-Balti-öv,észak,Teherhajó,17,14,11,923434.0,0.7857
2026-06-06,Øresund,dél,Tanker,8,8,6,158928.0,0.75
2026-06-06,Øresund,dél,Teherhajó,25,25,16,334266.0,0.64
2026-06-06,Øresund,észak,Tanker,7,7,4,86199.0,0.5714
2026-06-06,Øresund,észak,Teherhajó,13,11,10,277205.0,0.9091
2026-06-07,Nagy-Balti-öv,dél,Tanker,3,3,3,242810.0,1.0
2026-06-07,Nagy-Balti-öv,dél,Teherhajó,15,15,11,685918.0,0.7333
2026-06-07,Nagy-Balti-öv,észak,Tanker,9,8,6,742526.0,0.75
2026-06-07,Nagy-Balti-öv,észak,Teherhajó,19,17,13,790983.0,0.7647
2026-06-07,Øresund,dél,Tanker,7,7,4,156970.0,0.5714
2026-06-07,Øresund,dél,Teherhajó,26,25,16,560463.0,0.64
2026-06-07,Øresund,észak,Tanker,8,8,4,156426.0,0.5
2026-06-07,Øresund,észak,Teherhajó,19,19,15,268995.0,0.7895
2026-06-08,Nagy-Balti-öv,dél,Tanker,10,10,6,806046.0,0.6
2026-06-08,Nagy-Balti-öv,dél,Teherhajó,14,14,11,649690.0,0.7857
2026-06-08,Nagy-Balti-öv,észak,Tanker,8,7,4,605486.0,0.5714
2026-06-08,Nagy-Balti-öv,észak,Teherhajó,15,13,11,945447.0,0.8462
2026-06-08,Øresund,dél,Teherhajó,25,24,12,449257.0,0.5
2026-06-08,Øresund,észak,Tanker,6,6,2,97796.0,0.3333
2026-06-08,Øresund,észak,Teherhajó,17,17,12,253550.0,0.7059
2026-06-09,Nagy-Balti-öv,dél,Tanker,15,14,13,1633637.0,0.9286
2026-06-09,Nagy-Balti-öv,dél,Teherhajó,12,12,8,631789.0,0.6667
2026-06-09,Nagy-Balti-öv,észak,Tanker,6,4,3,372658.0,0.75
2026-06-09,Nagy-Balti-öv,észak,Teherhajó,14,13,9,807795.0,0.6923
2026-06-09,Øresund,dél,Tanker,1,1,1,13388.0,1.0
2026-06-09,Øresund,dél,Teherhajó,24,24,14,408294.0,0.5833
2026-06-09,Øresund,észak,Tanker,7,7,2,112520.0,0.2857
2026-06-09,Øresund,észak,Teherhajó,17,17,12,207792.0,0.7059
2026-06-10,Nagy-Balti-öv,dél,Tanker,4,4,2,223412.0,0.5
2026-06-10,Nagy-Balti-öv,dél,Teherhajó,17,17,15,462268.0,0.8824
2026-06-10,Nagy-Balti-öv,észak,Tanker,9,7,4,1044520.0,0.5714
2026-06-10,Nagy-Balti-öv,észak,Teherhajó,14,14,11,554619.0,0.7857
2026-06-10,Øresund,dél,Tanker,4,4,3,41442.0,0.75
2026-06-10,Øresund,dél,Teherhajó,21,21,13,363037.0,0.619
2026-06-10,Øresund,észak,Tanker,5,5,2,65502.0,0.4
2026-06-10,Øresund,észak,Teherhajó,14,14,11,202888.0,0.7857
2026-06-11,Nagy-Balti-öv,dél,Tanker,8,8,5,634398.0,0.625
2026-06-11,Nagy-Balti-öv,dél,Teherhajó,14,14,13,546365.0,0.9286
2026-06-11,Nagy-Balti-öv,észak,Tanker,9,7,5,895805.0,0.7143
2026-06-11,Nagy-Balti-öv,észak,Teherhajó,22,19,13,1099640.0,0.6842
2026-06-11,Øresund,dél,Tanker,5,5,2,180081.0,0.4
2026-06-11,Øresund,dél,Teherhajó,21,21,12,373084.0,0.5714
2026-06-11,Øresund,észak,Tanker,9,9,4,150104.0,0.4444
2026-06-11,Øresund,észak,Teherhajó,25,23,17,267584.0,0.7391
2026-06-12,Nagy-Balti-öv,dél,Tanker,10,10,7,546036.0,0.7
2026-06-12,Nagy-Balti-öv,dél,Teherhajó,14,14,10,537012.0,0.7143
2026-06-12,Nagy-Balti-öv,észak,Tanker,10,7,6,1192208.0,0.8571
2026-06-12,Nagy-Balti-öv,észak,Teherhajó,19,16,16,1061038.0,1.0
2026-06-12,Øresund,dél,Tanker,10,10,3,235895.0,0.3
2026-06-12,Øresund,dél,Teherhajó,23,22,13,383464.0,0.5909
2026-06-12,Øresund,észak,Tanker,4,3,1,86318.0,0.3333
2026-06-12,Øresund,észak,Teherhajó,13,13,12,216016.0,0.9231
2026-06-13,Nagy-Balti-öv,dél,Tanker,5,5,3,539261.0,0.6
2026-06-13,Nagy-Balti-öv,dél,Teherhajó,15,14,13,699873.0,0.9286
2026-06-13,Nagy-Balti-öv,észak,Tanker,8,5,3,1045105.0,0.6
2026-06-13,Nagy-Balti-öv,észak,Teherhajó,16,16,15,963723.0,0.9375
2026-06-13,Øresund,dél,Tanker,9,9,6,194056.0,0.6667
2026-06-13,Øresund,dél,Teherhajó,25,25,12,623204.0,0.48
2026-06-13,Øresund,észak,Tanker,11,11,6,168326.0,0.5455
2026-06-13,Øresund,észak,Teherhajó,16,16,13,303820.0,0.8125
2026-06-14,Nagy-Balti-öv,dél,Tanker,5,5,4,547944.0,0.8
2026-06-14,Nagy-Balti-öv,dél,Teherhajó,24,24,23,1166892.0,0.9583
2026-06-14,Nagy-Balti-öv,észak,Tanker,13,12,8,984731.0,0.6667
2026-06-14,Nagy-Balti-öv,észak,Teherhajó,23,20,16,1115654.0,0.8
2026-06-14,Øresund,dél,Tanker,7,7,3,245815.0,0.4286
2026-06-14,Øresund,dél,Teherhajó,25,23,12,386910.0,0.5217
2026-06-14,Øresund,észak,Tanker,4,4,0,45306.0,0.0
2026-06-14,Øresund,észak,Teherhajó,12,12,8,174734.0,0.6667
2026-06-15,Nagy-Balti-öv,dél,Tanker,6,6,3,470088.0,0.5
2026-06-15,Nagy-Balti-öv,dél,Teherhajó,14,14,11,793418.0,0.7857
2026-06-15,Nagy-Balti-öv,észak,Tanker,11,10,5,1123523.0,0.5
2026-06-15,Nagy-Balti-öv,észak,Teherhajó,14,14,10,747666.0,0.7143
2026-06-15,Øresund,dél,Tanker,8,8,5,126801.0,0.625
2026-06-15,Øresund,dél,Teherhajó,21,20,6,520933.0,0.3
2026-06-15,Øresund,észak,Tanker,2,2,2,14238.0,1.0
2026-06-15,Øresund,észak,Teherhajó,22,20,15,240536.0,0.75
2026-06-16,Nagy-Balti-öv,dél,Tanker,8,8,8,545968.0,1.0
2026-06-16,Nagy-Balti-öv,dél,Teherhajó,12,12,9,824215.0,0.75
2026-06-16,Nagy-Balti-öv,észak,Tanker,9,8,5,682768.0,0.625
2026-06-16,Nagy-Balti-öv,észak,Teherhajó,22,21,19,1349427.0,0.9048
2026-06-16,Øresund,dél,Tanker,7,7,5,182665.0,0.7143
2026-06-16,Øresund,dél,Teherhajó,22,22,13,425722.0,0.5909
2026-06-16,Øresund,észak,Tanker,6,6,4,75416.0,0.6667
2026-06-16,Øresund,észak,Teherhajó,22,22,16,227259.0,0.7273
2026-06-17,Nagy-Balti-öv,dél,Tanker,7,7,4,583525.0,0.5714
2026-06-17,Nagy-Balti-öv,dél,Teherhajó,18,18,13,680957.0,0.7222
2026-06-17,Nagy-Balti-öv,észak,Tanker,9,9,6,1107732.0,0.6667
2026-06-17,Nagy-Balti-öv,észak,Teherhajó,20,19,16,907990.0,0.8421
2026-06-17,Øresund,dél,Tanker,5,5,2,127438.0,0.4
2026-06-17,Øresund,dél,Teherhajó,22,21,13,331769.0,0.619
2026-06-17,Øresund,észak,Tanker,10,10,2,148863.0,0.2
2026-06-17,Øresund,észak,Teherhajó,17,16,11,209904.0,0.6875
2026-06-18,Nagy-Balti-öv,dél,Tanker,7,7,4,577835.0,0.5714
2026-06-18,Nagy-Balti-öv,dél,Teherhajó,11,11,10,211221.0,0.9091
2026-06-18,Nagy-Balti-öv,észak,Tanker,11,11,6,965127.0,0.5455
2026-06-18,Nagy-Balti-öv,észak,Teherhajó,23,23,18,1007766.0,0.7826
2026-06-18,Øresund,dél,Tanker,7,7,2,208010.0,0.2857
2026-06-18,Øresund,dél,Teherhajó,29,29,9,514910.0,0.3103
2026-06-18,Øresund,észak,Tanker,5,5,3,69902.0,0.6
2026-06-18,Øresund,észak,Teherhajó,16,16,11,217464.0,0.6875
2026-06-19,Nagy-Balti-öv,dél,Tanker,7,7,5,505222.0,0.7143
2026-06-19,Nagy-Balti-öv,dél,Teherhajó,16,16,13,533858.0,0.8125
2026-06-19,Nagy-Balti-öv,észak,Tanker,13,13,9,1342447.0,0.6923
2026-06-19,Nagy-Balti-öv,észak,Teherhajó,20,20,17,875950.0,0.85
2026-06-19,Øresund,dél,Tanker,9,9,5,186342.0,0.5556
2026-06-19,Øresund,dél,Teherhajó,21,21,15,282279.0,0.7143
2026-06-19,Øresund,észak,Tanker,3,3,0,125065.0,0.0
2026-06-19,Øresund,észak,Teherhajó,14,14,11,215602.0,0.7857
2026-06-20,Nagy-Balti-öv,dél,Tanker,8,7,5,827180.0,0.7143
2026-06-20,Nagy-Balti-öv,dél,Teherhajó,16,16,10,373447.0,0.625
2026-06-20,Nagy-Balti-öv,észak,Tanker,15,15,10,1485219.0,0.6667
2026-06-20,Nagy-Balti-öv,észak,Teherhajó,13,13,11,812268.0,0.8462
2026-06-20,Øresund,dél,Tanker,5,5,3,79366.0,0.6
2026-06-20,Øresund,dél,Teherhajó,23,23,14,423104.0,0.6087
2026-06-20,Øresund,észak,Tanker,6,6,0,61140.0,0.0
2026-06-20,Øresund,észak,Teherhajó,19,19,15,233654.0,0.7895
2026-06-21,Nagy-Balti-öv,dél,Tanker,7,6,4,579300.0,0.6667
2026-06-21,Nagy-Balti-öv,dél,Teherhajó,11,11,10,1000592.0,0.9091
2026-06-21,Nagy-Balti-öv,észak,Tanker,4,4,3,349702.0,0.75
2026-06-21,Nagy-Balti-öv,észak,Teherhajó,19,18,11,845563.0,0.6111
2026-06-21,Øresund,dél,Tanker,7,7,2,166719.0,0.2857
2026-06-21,Øresund,dél,Teherhajó,15,15,12,285765.0,0.8
2026-06-21,Øresund,észak,Tanker,8,8,4,119347.0,0.5
2026-06-21,Øresund,észak,Teherhajó,21,20,16,251035.0,0.8
2026-06-22,Nagy-Balti-öv,dél,Tanker,5,5,4,224262.0,0.8
2026-06-22,Nagy-Balti-öv,dél,Teherhajó,18,18,13,538075.0,0.7222
2026-06-22,Nagy-Balti-öv,észak,Tanker,10,10,8,934492.0,0.8
2026-06-22,Nagy-Balti-öv,észak,Teherhajó,22,22,16,1096213.0,0.7273
2026-06-22,Øresund,dél,Tanker,5,5,2,85621.0,0.4
2026-06-22,Øresund,dél,Teherhajó,22,19,13,397946.0,0.6842
2026-06-22,Øresund,észak,Tanker,7,7,3,152816.0,0.4286
2026-06-22,Øresund,észak,Teherhajó,19,19,14,303117.0,0.7368
2026-06-23,Nagy-Balti-öv,dél,Tanker,5,5,3,433890.0,0.6
2026-06-23,Nagy-Balti-öv,dél,Teherhajó,23,23,19,973700.0,0.8261
2026-06-23,Nagy-Balti-öv,észak,Tanker,7,7,4,573634.0,0.5714
2026-06-23,Nagy-Balti-öv,észak,Teherhajó,19,19,18,1171131.0,0.9474
2026-06-23,Øresund,dél,Tanker,6,5,2,73620.0,0.4
2026-06-23,Øresund,dél,Teherhajó,24,23,15,380649.0,0.6522
2026-06-23,Øresund,észak,Tanker,5,5,3,61349.0,0.6
2026-06-23,Øresund,észak,Teherhajó,13,13,10,179665.0,0.7692
2026-06-24,Nagy-Balti-öv,dél,Tanker,10,8,5,794823.0,0.625
2026-06-24,Nagy-Balti-öv,dél,Teherhajó,9,9,7,358714.0,0.7778
2026-06-24,Nagy-Balti-öv,észak,Tanker,7,7,6,811520.0,0.8571
2026-06-24,Nagy-Balti-öv,észak,Teherhajó,15,14,10,627116.0,0.7143
2026-06-24,Øresund,dél,Tanker,4,3,1,94104.0,0.3333
2026-06-24,Øresund,dél,Teherhajó,16,16,10,360434.0,0.625
2026-06-24,Øresund,észak,Tanker,9,9,2,151759.0,0.2222
2026-06-24,Øresund,észak,Teherhajó,13,12,9,147806.0,0.75
2026-06-25,Nagy-Balti-öv,dél,Tanker,7,7,4,422908.0,0.5714
2026-06-25,Nagy-Balti-öv,dél,Teherhajó,15,14,9,504246.0,0.6429
2026-06-25,Nagy-Balti-öv,észak,Tanker,5,4,3,566649.0,0.75
2026-06-25,Nagy-Balti-öv,észak,Teherhajó,23,23,20,1301225.0,0.8696
2026-06-25,Øresund,dél,Tanker,4,4,3,87990.0,0.75
2026-06-25,Øresund,dél,Teherhajó,23,23,10,410566.0,0.4348
2026-06-25,Øresund,észak,Tanker,7,7,0,145887.0,0.0
2026-06-25,Øresund,észak,Teherhajó,20,19,16,302965.0,0.8421
2026-06-26,Nagy-Balti-öv,dél,Tanker,9,9,7,765432.0,0.7778
2026-06-26,Nagy-Balti-öv,dél,Teherhajó,9,9,7,384477.0,0.7778
2026-06-26,Nagy-Balti-öv,észak,Tanker,11,11,9,1178772.0,0.8182
2026-06-26,Nagy-Balti-öv,észak,Teherhajó,22,21,19,1052136.0,0.9048
2026-06-26,Øresund,dél,Tanker,6,6,2,132675.0,0.3333
2026-06-26,Øresund,dél,Teherhajó,24,24,14,369551.0,0.5833
2026-06-26,Øresund,észak,Tanker,7,7,3,99262.0,0.4286
2026-06-26,Øresund,észak,Teherhajó,21,21,13,211762.0,0.619
2026-06-27,Nagy-Balti-öv,dél,Tanker,9,9,6,777511.0,0.6667
2026-06-27,Nagy-Balti-öv,dél,Teherhajó,15,15,12,454799.0,0.8
2026-06-27,Nagy-Balti-öv,észak,Tanker,5,5,3,403132.0,0.6
2026-06-27,Nagy-Balti-öv,észak,Teherhajó,21,21,19,1026203.0,0.9048
2026-06-27,Øresund,dél,Tanker,7,7,3,177816.0,0.4286
2026-06-27,Øresund,dél,Teherhajó,18,18,10,264416.0,0.5556
2026-06-27,Øresund,észak,Tanker,8,8,6,116034.0,0.75
2026-06-27,Øresund,észak,Teherhajó,15,14,9,242314.0,0.6429
2026-06-28,Nagy-Balti-öv,dél,Tanker,4,4,3,522506.0,0.75
2026-06-28,Nagy-Balti-öv,dél,Teherhajó,17,17,13,716880.0,0.7647
2026-06-28,Nagy-Balti-öv,észak,Tanker,11,11,10,1226316.0,0.9091
2026-06-28,Nagy-Balti-öv,észak,Teherhajó,11,11,8,436884.0,0.7273
2026-06-28,Øresund,dél,Tanker,9,9,6,136955.0,0.6667
2026-06-28,Øresund,dél,Teherhajó,16,16,6,441903.0,0.375
2026-06-28,Øresund,észak,Tanker,4,4,1,49840.0,0.25
2026-06-28,Øresund,észak,Teherhajó,21,21,15,293674.0,0.7143
2026-06-29,Nagy-Balti-öv,dél,Tanker,13,12,10,932638.0,0.8333
2026-06-29,Nagy-Balti-öv,dél,Teherhajó,17,17,13,817887.0,0.7647
2026-06-29,Nagy-Balti-öv,észak,Tanker,6,5,5,681867.0,1.0
2026-06-29,Nagy-Balti-öv,észak,Teherhajó,21,20,18,1362497.0,0.9
2026-06-29,Øresund,dél,Tanker,5,5,3,129696.0,0.6
2026-06-29,Øresund,dél,Teherhajó,26,26,12,556693.0,0.4615
2026-06-29,Øresund,észak,Tanker,4,4,1,154555.0,0.25
2026-06-29,Øresund,észak,Teherhajó,16,16,14,209085.0,0.875
2026-06-30,Nagy-Balti-öv,dél,Tanker,11,11,7,1277832.0,0.6364
2026-06-30,Nagy-Balti-öv,dél,Teherhajó,7,7,7,544005.0,1.0
2026-06-30,Nagy-Balti-öv,észak,Tanker,12,10,8,1110005.0,0.8
2026-06-30,Nagy-Balti-öv,észak,Teherhajó,19,19,15,723262.0,0.7895
2026-06-30,Øresund,dél,Tanker,5,5,3,150622.0,0.6
2026-06-30,Øresund,dél,Teherhajó,23,23,11,385828.0,0.4783
2026-06-30,Øresund,észak,Tanker,3,3,0,40715.0,0.0
2026-06-30,Øresund,észak,Teherhajó,17,17,11,193003.0,0.6471
2026-07-01,Nagy-Balti-öv,dél,Tanker,9,9,5,715397.0,0.5556
2026-07-01,Nagy-Balti-öv,dél,Teherhajó,7,7,7,283896.0,1.0
2026-07-01,Nagy-Balti-öv,észak,Tanker,5,4,4,402399.0,1.0
2026-07-01,Nagy-Balti-öv,észak,Teherhajó,21,20,18,1058482.0,0.9
2026-07-01,Øresund,dél,Tanker,5,5,2,187436.0,0.4
2026-07-01,Øresund,dél,Teherhajó,21,20,6,353349.0,0.3
2026-07-01,Øresund,észak,Tanker,5,5,2,44694.0,0.4
2026-07-01,Øresund,észak,Teherhajó,11,11,7,164432.0,0.6364
2026-07-02,Nagy-Balti-öv,dél,Tanker,5,4,3,380796.0,0.75
2026-07-02,Nagy-Balti-öv,dél,Teherhajó,19,19,15,738020.0,0.7895
2026-07-02,Nagy-Balti-öv,észak,Tanker,9,9,6,914808.0,0.6667
2026-07-02,Nagy-Balti-öv,észak,Teherhajó,8,8,7,434449.0,0.875
2026-07-02,Øresund,dél,Tanker,2,2,1,51392.0,0.5
2026-07-02,Øresund,dél,Teherhajó,11,11,6,333950.0,0.5455
2026-07-02,Øresund,észak,Tanker,8,8,0,146235.0,0.0
2026-07-02,Øresund,észak,Teherhajó,18,18,12,304148.0,0.6667
2026-07-03,Nagy-Balti-öv,dél,Tanker,8,8,6,552530.0,0.75
2026-07-03,Nagy-Balti-öv,dél,Teherhajó,12,12,7,269715.0,0.5833
2026-07-03,Nagy-Balti-öv,észak,Tanker,6,6,3,650367.0,0.5
2026-07-03,Nagy-Balti-öv,észak,Teherhajó,24,24,18,1087100.0,0.75
2026-07-03,Øresund,dél,Tanker,5,5,3,103804.0,0.6
2026-07-03,Øresund,dél,Teherhajó,19,19,11,302766.0,0.5789
2026-07-03,Øresund,észak,Tanker,9,9,2,154833.0,0.2222
2026-07-03,Øresund,észak,Teherhajó,12,12,9,175351.0,0.75
2026-07-04,Nagy-Balti-öv,dél,Tanker,6,6,4,480779.0,0.6667
2026-07-04,Nagy-Balti-öv,dél,Teherhajó,15,15,13,462847.0,0.8667
2026-07-04,Nagy-Balti-öv,észak,Tanker,10,10,8,1139122.0,0.8
2026-07-04,Nagy-Balti-öv,észak,Teherhajó,19,19,13,1104718.0,0.6842
2026-07-04,Øresund,dél,Tanker,5,5,2,48565.0,0.4
2026-07-04,Øresund,dél,Teherhajó,17,17,11,322707.0,0.6471
2026-07-04,Øresund,észak,Tanker,10,10,2,151984.0,0.2
2026-07-04,Øresund,észak,Teherhajó,17,17,12,246679.0,0.7059
2026-07-05,Nagy-Balti-öv,dél,Tanker,7,7,5,532226.0,0.7143
2026-07-05,Nagy-Balti-öv,dél,Teherhajó,17,17,15,932752.0,0.8824
2026-07-05,Nagy-Balti-öv,észak,Tanker,10,10,5,872788.0,0.5
2026-07-05,Nagy-Balti-öv,észak,Teherhajó,20,20,15,758555.0,0.75
2026-07-05,Øresund,dél,Tanker,10,10,3,410465.0,0.3
2026-07-05,Øresund,dél,Teherhajó,27,27,18,575912.0,0.6667
2026-07-05,Øresund,észak,Tanker,6,6,1,123117.0,0.1667
2026-07-05,Øresund,észak,Teherhajó,24,24,19,365036.0,0.7917
2026-07-06,Nagy-Balti-öv,dél,Tanker,12,12,11,838556.0,0.9167
2026-07-06,Nagy-Balti-öv,dél,Teherhajó,12,12,11,954815.0,0.9167
2026-07-06,Nagy-Balti-öv,észak,Tanker,4,4,2,373296.0,0.5
2026-07-06,Nagy-Balti-öv,észak,Teherhajó,15,15,13,982412.0,0.8667
2026-07-06,Øresund,dél,Tanker,5,4,3,79014.0,0.75
2026-07-06,Øresund,dél,Teherhajó,16,16,9,257273.0,0.5625
2026-07-06,Øresund,észak,Tanker,4,4,0,47370.0,0.0
2026-07-06,Øresund,észak,Teherhajó,20,20,16,262594.0,0.8
2026-07-07,Nagy-Balti-öv,dél,Tanker,7,7,6,766533.0,0.8571
2026-07-07,Nagy-Balti-öv,dél,Teherhajó,13,13,8,407702.0,0.6154
2026-07-07,Nagy-Balti-öv,észak,Tanker,4,4,4,315426.0,1.0
2026-07-07,Nagy-Balti-öv,észak,Teherhajó,17,17,13,640184.0,0.7647
2026-07-07,Øresund,dél,Tanker,6,6,2,227753.0,0.3333
2026-07-07,Øresund,dél,Teherhajó,19,19,6,374834.0,0.3158
2026-07-07,Øresund,észak,Tanker,6,6,2,177929.0,0.3333
2026-07-07,Øresund,észak,Teherhajó,14,14,9,204226.0,0.6429
2026-07-08,Nagy-Balti-öv,dél,Tanker,10,9,6,646812.0,0.6667
2026-07-08,Nagy-Balti-öv,dél,Teherhajó,15,15,12,623783.0,0.8
2026-07-08,Nagy-Balti-öv,észak,Tanker,8,8,6,675139.0,0.75
2026-07-08,Nagy-Balti-öv,észak,Teherhajó,14,13,12,882520.0,0.9231
2026-07-08,Øresund,dél,Tanker,7,7,3,137762.0,0.4286
2026-07-08,Øresund,dél,Teherhajó,22,22,11,260964.0,0.5
2026-07-08,Øresund,észak,Tanker,4,4,3,54274.0,0.75
2026-07-08,Øresund,észak,Teherhajó,12,12,9,131708.0,0.75
2026-07-09,Nagy-Balti-öv,dél,Tanker,10,9,6,939912.0,0.6667
2026-07-09,Nagy-Balti-öv,dél,Teherhajó,10,10,9,383971.0,0.9
2026-07-09,Nagy-Balti-öv,észak,Tanker,11,11,8,748618.0,0.7273
2026-07-09,Nagy-Balti-öv,észak,Teherhajó,14,14,11,865477.0,0.7857
2026-07-09,Øresund,dél,Tanker,7,7,3,133003.0,0.4286
2026-07-09,Øresund,dél,Teherhajó,25,25,11,570792.0,0.44
2026-07-09,Øresund,észak,Tanker,7,7,2,70665.0,0.2857
2026-07-09,Øresund,észak,Teherhajó,23,22,19,304838.0,0.8636
2026-07-10,Nagy-Balti-öv,dél,Tanker,10,10,7,796173.0,0.7
2026-07-10,Nagy-Balti-öv,dél,Teherhajó,12,12,9,562331.0,0.75
2026-07-10,Nagy-Balti-öv,észak,Tanker,6,6,2,377793.0,0.3333
2026-07-10,Nagy-Balti-öv,észak,Teherhajó,17,17,15,983475.0,0.8824
2026-07-10,Øresund,dél,Tanker,6,6,3,154866.0,0.5
2026-07-10,Øresund,dél,Teherhajó,18,18,11,285043.0,0.6111
2026-07-10,Øresund,észak,Tanker,4,4,0,82741.0,0.0
2026-07-10,Øresund,észak,Teherhajó,22,22,14,201839.0,0.6364
2026-07-11,Nagy-Balti-öv,dél,Tanker,8,7,6,772952.0,0.8571
2026-07-11,Nagy-Balti-öv,dél,Teherhajó,15,15,13,992149.0,0.8667
2026-07-11,Nagy-Balti-öv,észak,Tanker,14,13,7,1131951.0,0.5385
2026-07-11,Nagy-Balti-öv,észak,Teherhajó,18,17,15,1131088.0,0.8824
2026-07-11,Øresund,dél,Tanker,5,5,2,127352.0,0.4
2026-07-11,Øresund,dél,Teherhajó,33,33,18,567458.0,0.5455
2026-07-11,Øresund,észak,Tanker,6,6,2,97845.0,0.3333
2026-07-11,Øresund,észak,Teherhajó,22,22,17,261613.0,0.7727
2026-07-12,Nagy-Balti-öv,dél,Tanker,7,7,4,471270.0,0.5714
2026-07-12,Nagy-Balti-öv,dél,Teherhajó,7,7,6,198227.0,0.8571
2026-07-12,Nagy-Balti-öv,észak,Tanker,6,6,2,436934.0,0.3333
2026-07-12,Nagy-Balti-öv,észak,Teherhajó,24,24,18,1311063.0,0.75
2026-07-12,Øresund,dél,Tanker,10,10,7,267857.0,0.7
2026-07-12,Øresund,dél,Teherhajó,20,20,9,373220.0,0.45
2026-07-12,Øresund,észak,Tanker,4,4,2,61705.0,0.5
2026-07-12,Øresund,észak,Teherhajó,20,19,13,240879.0,0.6842
2026-07-13,Nagy-Balti-öv,dél,Tanker,8,8,8,543377.0,1.0
2026-07-13,Nagy-Balti-öv,dél,Teherhajó,10,10,8,572785.0,0.8
2026-07-13,Nagy-Balti-öv,észak,Tanker,11,11,6,1234067.0,0.5455
2026-07-13,Nagy-Balti-öv,észak,Teherhajó,21,21,20,1248693.0,0.9524
2026-07-13,Øresund,dél,Tanker,8,8,3,190662.0,0.375
2026-07-13,Øresund,dél,Teherhajó,14,14,8,357438.0,0.5714
2026-07-13,Øresund,észak,Tanker,6,6,5,132458.0,0.8333
2026-07-13,Øresund,észak,Teherhajó,17,17,16,222902.0,0.9412
2026-07-14,Nagy-Balti-öv,dél,Tanker,9,9,4,469647.0,0.4444
2026-07-14,Nagy-Balti-öv,dél,Teherhajó,11,11,9,691941.0,0.8182
2026-07-14,Nagy-Balti-öv,észak,Tanker,13,13,8,1428597.0,0.6154
2026-07-14,Nagy-Balti-öv,észak,Teherhajó,23,22,14,719633.0,0.6364
2026-07-14,Øresund,dél,Tanker,10,10,6,156165.0,0.6
2026-07-14,Øresund,dél,Teherhajó,26,26,17,490226.0,0.6538
2026-07-14,Øresund,észak,Tanker,5,5,2,40055.0,0.4
2026-07-14,Øresund,észak,Teherhajó,10,10,6,121475.0,0.6
2026-07-15,Nagy-Balti-öv,dél,Tanker,6,6,4,330019.0,0.6667
2026-07-15,Nagy-Balti-öv,dél,Teherhajó,14,14,11,610595.0,0.7857
2026-07-15,Nagy-Balti-öv,észak,Tanker,8,8,7,789523.0,0.875
2026-07-15,Nagy-Balti-öv,észak,Teherhajó,25,25,20,1108603.0,0.8
2026-07-15,Øresund,dél,Tanker,7,7,4,139743.0,0.5714
2026-07-15,Øresund,dél,Teherhajó,26,26,13,657003.0,0.5
2026-07-15,Øresund,észak,Tanker,10,9,2,211860.0,0.2222
2026-07-15,Øresund,észak,Teherhajó,21,21,17,232099.0,0.8095
2026-07-16,Nagy-Balti-öv,dél,Tanker,6,6,4,789755.0,0.6667
2026-07-16,Nagy-Balti-öv,dél,Teherhajó,13,13,11,472987.0,0.8462
2026-07-16,Nagy-Balti-öv,észak,Tanker,8,8,4,716392.0,0.5
2026-07-16,Nagy-Balti-öv,észak,Teherhajó,18,18,15,1170044.0,0.8333
2026-07-16,Øresund,dél,Tanker,6,6,4,66688.0,0.6667
2026-07-16,Øresund,dél,Teherhajó,26,26,15,449192.0,0.5769
2026-07-16,Øresund,észak,Tanker,6,6,1,89350.0,0.1667
2026-07-16,Øresund,észak,Teherhajó,15,15,9,221813.0,0.6
2026-07-17,Nagy-Balti-öv,dél,Tanker,8,8,7,492485.0,0.875
2026-07-17,Nagy-Balti-öv,dél,Teherhajó,29,29,25,727487.0,0.8621
2026-07-17,Nagy-Balti-öv,észak,Tanker,9,9,8,772471.0,0.8889
2026-07-17,Nagy-Balti-öv,észak,Teherhajó,27,27,25,1003639.0,0.9259
2026-07-17,Øresund,dél,Tanker,8,8,3,292575.0,0.375
2026-07-17,Øresund,dél,Teherhajó,21,20,11,242334.0,0.55
2026-07-17,Øresund,észak,Tanker,7,7,3,94340.0,0.4286
2026-07-17,Øresund,észak,Teherhajó,20,20,13,246991.0,0.65
2026-07-18,Nagy-Balti-öv,dél,Tanker,6,6,3,415600.0,0.5
2026-07-18,Nagy-Balti-öv,dél,Teherhajó,18,18,14,666337.0,0.7778
2026-07-18,Nagy-Balti-öv,észak,Tanker,8,8,5,728498.0,0.625
2026-07-18,Nagy-Balti-öv,észak,Teherhajó,10,10,8,491424.0,0.8
2026-07-18,Øresund,dél,Tanker,2,2,0,120250.0,0.0
2026-07-18,Øresund,dél,Teherhajó,25,25,16,371648.0,0.64
2026-07-18,Øresund,észak,Tanker,7,7,3,54544.0,0.4286
2026-07-18,Øresund,észak,Teherhajó,21,21,18,390352.0,0.8571
2026-07-19,Nagy-Balti-öv,dél,Tanker,7,7,6,634659.0,0.8571
2026-07-19,Nagy-Balti-öv,dél,Teherhajó,13,13,10,546746.0,0.7692
2026-07-19,Nagy-Balti-öv,észak,Tanker,9,9,5,883235.0,0.5556
2026-07-19,Nagy-Balti-öv,észak,Teherhajó,19,19,16,952371.0,0.8421
2026-07-19,Øresund,dél,Tanker,6,6,6,66121.0,1.0
2026-07-19,Øresund,dél,Teherhajó,8,8,5,195895.0,0.625
2026-07-19,Øresund,észak,Tanker,8,7,4,132809.0,0.5714
2026-07-19,Øresund,észak,Teherhajó,17,17,15,293264.0,0.8824
2026-07-20,Nagy-Balti-öv,dél,Tanker,8,8,5,750964.0,0.625
2026-07-20,Nagy-Balti-öv,dél,Teherhajó,13,13,9,793266.0,0.6923
2026-07-20,Nagy-Balti-öv,észak,Tanker,10,10,7,899696.0,0.7
2026-07-20,Nagy-Balti-öv,észak,Teherhajó,22,22,19,1343452.0,0.8636
2026-07-20,Øresund,dél,Tanker,7,7,4,205995.0,0.5714
2026-07-20,Øresund,dél,Teherhajó,24,24,9,497372.0,0.375
2026-07-20,Øresund,észak,Tanker,3,3,1,40555.0,0.3333
2026-07-20,Øresund,észak,Teherhajó,15,15,10,233543.0,0.6667
2026-07-21,Nagy-Balti-öv,dél,Tanker,8,8,6,830041.0,0.75
2026-07-21,Nagy-Balti-öv,dél,Teherhajó,7,7,4,438379.0,0.5714
2026-07-21,Nagy-Balti-öv,észak,Tanker,5,4,3,457674.0,0.75
2026-07-21,Nagy-Balti-öv,észak,Teherhajó,16,16,10,600777.0,0.625
2026-07-21,Øresund,dél,Tanker,7,7,3,254773.0,0.4286
2026-07-21,Øresund,dél,Teherhajó,21,21,8,461468.0,0.381
2026-07-21,Øresund,észak,Tanker,5,5,1,67961.0,0.2
2026-07-21,Øresund,észak,Teherhajó,13,13,12,148872.0,0.9231
2026-07-22,Nagy-Balti-öv,dél,Tanker,4,4,2,172656.0,0.5
2026-07-22,Nagy-Balti-öv,dél,Teherhajó,18,18,14,855989.0,0.7778
2026-07-22,Nagy-Balti-öv,észak,Tanker,10,10,7,922527.0,0.7
2026-07-22,Nagy-Balti-öv,észak,Teherhajó,14,14,14,945853.0,1.0
2026-07-22,Øresund,dél,Tanker,4,4,3,58300.0,0.75
2026-07-22,Øresund,dél,Teherhajó,18,18,11,216915.0,0.6111
2026-07-22,Øresund,észak,Tanker,6,6,3,99531.0,0.5
2026-07-22,Øresund,észak,Teherhajó,13,13,10,196305.0,0.7692
2026-07-23,Nagy-Balti-öv,dél,Tanker,7,7,4,493294.0,0.5714
2026-07-23,Nagy-Balti-öv,dél,Teherhajó,14,14,12,278020.0,0.8571
2026-07-23,Nagy-Balti-öv,észak,Tanker,9,9,6,928362.0,0.6667
2026-07-23,Nagy-Balti-öv,észak,Teherhajó,11,11,8,588732.0,0.7273
2026-07-23,Øresund,dél,Tanker,9,9,6,172232.0,0.6667
2026-07-23,Øresund,dél,Teherhajó,18,18,10,356851.0,0.5556
2026-07-23,Øresund,észak,Tanker,5,5,1,77795.0,0.2
2026-07-23,Øresund,észak,Teherhajó,13,13,12,144672.0,0.9231
2026-07-24,Nagy-Balti-öv,dél,Tanker,10,10,8,621385.0,0.8
2026-07-24,Nagy-Balti-öv,dél,Teherhajó,10,10,7,530572.0,0.7
2026-07-24,Nagy-Balti-öv,észak,Tanker,7,7,4,829762.0,0.5714
2026-07-24,Nagy-Balti-öv,észak,Teherhajó,17,17,9,562773.0,0.5294
2026-07-24,Øresund,dél,Tanker,7,7,5,172738.0,0.7143
2026-07-24,Øresund,dél,Teherhajó,21,21,9,359009.0,0.4286
2026-07-24,Øresund,észak,Tanker,6,6,2,121162.0,0.3333
2026-07-24,Øresund,észak,Teherhajó,23,23,19,259903.0,0.8261
2026-07-25,Nagy-Balti-öv,dél,Tanker,3,3,3,395872.0,1.0
2026-07-25,Nagy-Balti-öv,dél,Teherhajó,11,11,10,660098.0,0.9091
2026-07-25,Nagy-Balti-öv,észak,Tanker,10,10,8,693492.0,0.8
2026-07-25,Nagy-Balti-öv,észak,Teherhajó,19,19,14,1156534.0,0.7368
2026-07-25,Øresund,dél,Tanker,4,4,3,71904.0,0.75
2026-07-25,Øresund,dél,Teherhajó,18,18,9,441905.0,0.5
2026-07-25,Øresund,észak,Tanker,2,2,0,24562.0,0.0
2026-07-25,Øresund,észak,Teherhajó,24,24,20,263668.0,0.8333
2026-07-26,Nagy-Balti-öv,dél,Tanker,6,5,4,336347.0,0.8
2026-07-26,Nagy-Balti-öv,dél,Teherhajó,14,14,11,709425.0,0.7857
2026-07-26,Nagy-Balti-öv,észak,Tanker,8,8,6,628194.0,0.75
2026-07-26,Nagy-Balti-öv,észak,Teherhajó,19,19,17,924642.0,0.8947
2026-07-26,Øresund,dél,Tanker,6,6,3,260867.0,0.5
2026-07-26,Øresund,dél,Teherhajó,19,19,10,585438.0,0.5263
2026-07-26,Øresund,észak,Tanker,10,10,4,129812.0,0.4
2026-07-26,Øresund,észak,Teherhajó,19,18,13,280454.0,0.7222
2026-07-27,Nagy-Balti-öv,dél,Tanker,7,6,5,515229.0,0.8333
2026-07-27,Nagy-Balti-öv,dél,Teherhajó,14,13,10,354556.0,0.7692
2026-07-27,Nagy-Balti-öv,észak,Tanker,13,13,11,1336459.0,0.8462
2026-07-27,Nagy-Balti-öv,észak,Teherhajó,15,15,14,1084215.0,0.9333
2026-07-27,Øresund,dél,Tanker,1,1,0,9331.0,0.0
2026-07-27,Øresund,dél,Teherhajó,19,19,8,405348.0,0.4211
2026-07-27,Øresund,észak,Tanker,11,11,2,317440.0,0.1818
2026-07-27,Øresund,észak,Teherhajó,15,15,13,213558.0,0.8667
2026-07-28,Nagy-Balti-öv,dél,Tanker,10,10,9,901156.0,0.9
2026-07-28,Nagy-Balti-öv,dél,Teherhajó,10,10,8,822449.0,0.8
2026-07-28,Nagy-Balti-öv,észak,Tanker,9,8,4,813918.0,0.5
2026-07-28,Nagy-Balti-öv,észak,Teherhajó,18,18,14,1113406.0,0.7778
2026-07-28,Øresund,dél,Tanker,5,5,3,93025.0,0.6
2026-07-28,Øresund,dél,Teherhajó,20,20,12,298139.0,0.6
2026-07-28,Øresund,észak,Tanker,2,2,2,26275.0,1.0
2026-07-28,Øresund,észak,Teherhajó,12,12,9,181949.0,0.75
2026-07-29,Nagy-Balti-öv,dél,Tanker,7,7,4,563220.0,0.5714
2026-07-29,Nagy-Balti-öv,dél,Teherhajó,13,13,11,563581.0,0.8462
2026-07-29,Nagy-Balti-öv,észak,Tanker,8,8,6,844085.0,0.75
2026-07-29,Nagy-Balti-öv,észak,Teherhajó,11,11,10,805343.0,0.9091
2026-07-29,Øresund,dél,Tanker,10,10,4,290582.0,0.4
2026-07-29,Øresund,dél,Teherhajó,18,18,11,331515.0,0.6111
2026-07-29,Øresund,észak,Tanker,5,5,3,54012.0,0.6
2026-07-29,Øresund,észak,Teherhajó,18,16,14,186118.0,0.875
2026-07-30,Nagy-Balti-öv,dél,Tanker,4,4,4,383204.0,1.0
2026-07-30,Nagy-Balti-öv,dél,Teherhajó,15,14,8,273759.0,0.5714
2026-07-30,Nagy-Balti-öv,észak,Tanker,10,10,10,924348.0,1.0
2026-07-30,Nagy-Balti-öv,észak,Teherhajó,18,18,16,985516.0,0.8889
2026-07-30,Øresund,dél,Tanker,3,3,1,114564.0,0.3333
2026-07-30,Øresund,dél,Teherhajó,22,22,13,386741.0,0.5909
2026-07-30,Øresund,észak,Tanker,7,7,2,110025.0,0.2857
2026-07-30,Øresund,észak,Teherhajó,22,22,16,301369.0,0.7273
2026-07-31,Nagy-Balti-öv,dél,Tanker,10,9,8,501313.0,0.8889
2026-07-31,Nagy-Balti-öv,dél,Teherhajó,16,16,9,846291.0,0.5625
2026-07-31,Nagy-Balti-öv,észak,Tanker,8,8,6,992795.0,0.75
2026-07-31,Nagy-Balti-öv,észak,Teherhajó,18,18,15,1050766.0,0.8333
2026-07-31,Øresund,dél,Tanker,5,5,1,153370.0,0.2
2026-07-31,Øresund,dél,Teherhajó,21,21,10,306780.0,0.4762
2026-07-31,Øresund,észak,Tanker,4,4,1,55846.0,0.25
2026-07-31,Øresund,észak,Teherhajó,21,21,14,239542.0,0.6667
2026-08-01,Nagy-Balti-öv,dél,Tanker,10,8,6,932745.0,0.75
2026-08-01,Nagy-Balti-öv,dél,Teherhajó,10,10,7,289316.0,0.7
2026-08-01,Nagy-Balti-öv,észak,Tanker,15,15,10,1028912.0,0.6667
2026-08-01,Nagy-Balti-öv,észak,Teherhajó,21,21,14,924149.0,0.6667
2026-08-01,Øresund,dél,Tanker,7,7,4,130368.0,0.5714
2026-08-01,Øresund,dél,Teherhajó,22,22,14,250516.0,0.6364
2026-08-01,Øresund,észak,Tanker,6,6,3,72676.0,0.5
2026-08-01,Øresund,észak,Teherhajó,14,14,9,294321.0,0.6429
2026-08-02,Nagy-Balti-öv,dél,Tanker,10,10,7,898776.0,0.7
2026-08-02,Nagy-Balti-öv,dél,Teherhajó,7,7,5,302411.0,0.7143
2026-08-02,Nagy-Balti-öv,észak,Tanker,7,7,4,676193.0,0.5714
2026-08-02,Nagy-Balti-öv,észak,Teherhajó,19,19,17,797548.0,0.8947
2026-08-02,Øresund,dél,Tanker,4,4,1,165818.0,0.25
2026-08-02,Øresund,dél,Teherhajó,25,25,18,533210.0,0.72
2026-08-02,Øresund,észak,Tanker,6,6,2,57610.0,0.3333
2026-08-02,Øresund,észak,Teherhajó,19,19,13,233968.0,0.6842
2026-08-03,Nagy-Balti-öv,dél,Tanker,4,4,3,216575.0,0.75
2026-08-03,Nagy-Balti-öv,dél,Teherhajó,14,14,11,726729.0,0.7857
2026-08-03,Nagy-Balti-öv,észak,Tanker,13,12,10,1050004.0,0.8333
2026-08-03,Nagy-Balti-öv,észak,Teherhajó,18,18,15,1392353.0,0.8333
2026-08-03,Øresund,dél,Tanker,7,7,3,100010.0,0.4286
2026-08-03,Øresund,dél,Teherhajó,15,14,10,248493.0,0.7143
2026-08-03,Øresund,észak,Tanker,2,2,1,35379.0,0.5
2026-08-03,Øresund,észak,Teherhajó,15,15,9,255900.0,0.6
2026-08-04,Nagy-Balti-öv,dél,Tanker,9,9,6,818468.0,0.6667
2026-08-04,Nagy-Balti-öv,dél,Teherhajó,12,12,8,583158.0,0.6667
2026-08-04,Nagy-Balti-öv,észak,Tanker,14,11,8,1130597.0,0.7273
2026-08-04,Nagy-Balti-öv,észak,Teherhajó,17,17,16,1062253.0,0.9412
2026-08-04,Øresund,dél,Tanker,5,5,5,49825.0,1.0
2026-08-04,Øresund,dél,Teherhajó,23,22,11,330433.0,0.5
2026-08-04,Øresund,észak,Tanker,5,5,1,89391.0,0.2
2026-08-04,Øresund,észak,Teherhajó,13,13,11,143348.0,0.8462
2026-08-05,Nagy-Balti-öv,dél,Tanker,7,7,5,815334.0,0.7143
2026-08-05,Nagy-Balti-öv,dél,Teherhajó,13,13,10,583515.0,0.7692
2026-08-05,Nagy-Balti-öv,észak,Tanker,6,6,2,621853.0,0.3333
2026-08-05,Nagy-Balti-öv,észak,Teherhajó,15,15,10,511202.0,0.6667
2026-08-05,Øresund,dél,Tanker,6,6,2,154677.0,0.3333
2026-08-05,Øresund,dél,Teherhajó,24,24,12,536289.0,0.5
2026-08-05,Øresund,észak,Tanker,3,3,1,44161.0,0.3333
2026-08-05,Øresund,észak,Teherhajó,15,14,11,159197.0,0.7857
2026-08-06,Nagy-Balti-öv,dél,Tanker,5,4,3,328525.0,0.75
2026-08-06,Nagy-Balti-öv,dél,Teherhajó,11,11,8,384024.0,0.7273
2026-08-06,Nagy-Balti-öv,észak,Tanker,9,8,6,877393.0,0.75
2026-08-06,Nagy-Balti-öv,észak,Teherhajó,21,21,19,982121.0,0.9048
2026-08-06,Øresund,dél,Tanker,2,2,1,47864.0,0.5
2026-08-06,Øresund,dél,Teherhajó,21,21,12,443141.0,0.5714
2026-08-06,Øresund,észak,Tanker,9,9,2,185592.0,0.2222
2026-08-06,Øresund,észak,Teherhajó,19,19,16,277847.0,0.8421
2026-08-07,Nagy-Balti-öv,dél,Tanker,15,14,8,934340.0,0.5714
2026-08-07,Nagy-Balti-öv,dél,Teherhajó,10,10,6,426466.0,0.6
2026-08-07,Nagy-Balti-öv,észak,Tanker,4,4,3,307819.0,0.75
2026-08-07,Nagy-Balti-öv,észak,Teherhajó,11,11,8,419712.0,0.7273
2026-08-07,Øresund,dél,Tanker,4,4,3,73561.0,0.75
2026-08-07,Øresund,dél,Teherhajó,20,20,7,447273.0,0.35
2026-08-07,Øresund,észak,Tanker,1,1,0,22315.0,0.0
2026-08-07,Øresund,észak,Teherhajó,12,12,10,144914.0,0.8333
2026-08-08,Nagy-Balti-öv,dél,Tanker,8,8,6,882568.0,0.75
2026-08-08,Nagy-Balti-öv,dél,Teherhajó,13,13,11,379034.0,0.8462
2026-08-08,Nagy-Balti-öv,észak,Tanker,19,19,13,2002483.0,0.6842
2026-08-08,Nagy-Balti-öv,észak,Teherhajó,23,23,19,850584.0,0.8261
2026-08-08,Øresund,dél,Tanker,7,7,2,165512.0,0.2857
2026-08-08,Øresund,dél,Teherhajó,23,23,6,549965.0,0.2609
2026-08-08,Øresund,észak,Tanker,4,4,4,40194.0,1.0
2026-08-08,Øresund,észak,Teherhajó,25,25,23,363307.0,0.92
2026-08-09,Nagy-Balti-öv,dél,Tanker,15,14,9,1455543.0,0.6429
2026-08-09,Nagy-Balti-öv,dél,Teherhajó,16,15,12,672532.0,0.8
2026-08-09,Nagy-Balti-öv,észak,Tanker,5,3,2,580797.0,0.6667
2026-08-09,Nagy-Balti-öv,észak,Teherhajó,18,18,18,956750.0,1.0
2026-08-09,Øresund,dél,Tanker,3,3,1,146282.0,0.3333
2026-08-09,Øresund,dél,Teherhajó,27,27,20,464695.0,0.7407
2026-08-09,Øresund,észak,Tanker,8,8,2,136968.0,0.25
2026-08-09,Øresund,észak,Teherhajó,16,16,15,153074.0,0.9375
2026-08-10,Nagy-Balti-öv,dél,Tanker,9,9,6,579372.0,0.6667
2026-08-10,Nagy-Balti-öv,dél,Teherhajó,15,15,10,777498.0,0.6667
2026-08-10,Nagy-Balti-öv,észak,Tanker,4,4,3,356560.0,0.75
2026-08-10,Nagy-Balti-öv,észak,Teherhajó,18,18,14,1023667.0,0.7778
2026-08-10,Øresund,dél,Tanker,8,8,5,182326.0,0.625
2026-08-10,Øresund,dél,Teherhajó,21,21,13,367577.0,0.619
2026-08-10,Øresund,észak,Tanker,5,5,1,85480.0,0.2
2026-08-10,Øresund,észak,Teherhajó,14,14,11,216898.0,0.7857
2026-08-11,Nagy-Balti-öv,dél,Tanker,9,9,7,659089.0,0.7778
2026-08-11,Nagy-Balti-öv,dél,Teherhajó,9,9,5,301479.0,0.5556
2026-08-11,Nagy-Balti-öv,észak,Tanker,8,8,2,692791.0,0.25
2026-08-11,Nagy-Balti-öv,észak,Teherhajó,14,13,12,565780.0,0.9231
2026-08-11,Øresund,dél,Tanker,2,2,1,25024.0,0.5
2026-08-11,Øresund,dél,Teherhajó,24,24,8,405393.0,0.3333
2026-08-11,Øresund,észak,Tanker,6,6,2,105458.0,0.3333
2026-08-11,Øresund,észak,Teherhajó,18,18,14,186788.0,0.7778
2026-08-12,Nagy-Balti-öv,dél,Tanker,10,10,7,556725.0,0.7
2026-08-12,Nagy-Balti-öv,dél,Teherhajó,17,17,13,804877.0,0.7647
2026-08-12,Nagy-Balti-öv,észak,Tanker,11,11,9,966531.0,0.8182
2026-08-12,Nagy-Balti-öv,észak,Teherhajó,23,21,18,1041272.0,0.8571
2026-08-12,Øresund,dél,Tanker,5,5,3,134870.0,0.6
2026-08-12,Øresund,dél,Teherhajó,23,23,9,590153.0,0.3913
2026-08-12,Øresund,észak,Tanker,6,6,3,126221.0,0.5
2026-08-12,Øresund,észak,Teherhajó,21,21,17,257296.0,0.8095
2026-08-13,Nagy-Balti-öv,dél,Tanker,12,12,8,1161147.0,0.6667
2026-08-13,Nagy-Balti-öv,dél,Teherhajó,12,12,10,450078.0,0.8333
2026-08-13,Nagy-Balti-öv,észak,Tanker,8,8,4,671714.0,0.5
2026-08-13,Nagy-Balti-öv,észak,Teherhajó,16,16,15,660779.0,0.9375
2026-08-13,Øresund,dél,Tanker,10,10,7,291176.0,0.7
2026-08-13,Øresund,dél,Teherhajó,20,20,9,364542.0,0.45
2026-08-13,Øresund,észak,Tanker,9,9,4,127901.0,0.4444
2026-08-13,Øresund,észak,Teherhajó,16,16,11,181877.0,0.6875
2026-08-14,Nagy-Balti-öv,dél,Tanker,6,6,3,295506.0,0.5
2026-08-14,Nagy-Balti-öv,dél,Teherhajó,18,18,12,697886.0,0.6667
2026-08-14,Nagy-Balti-öv,észak,Tanker,8,8,3,935312.0,0.375
2026-08-14,Nagy-Balti-öv,észak,Teherhajó,22,22,19,825909.0,0.8636
2026-08-14,Øresund,dél,Tanker,7,7,3,166768.0,0.4286
2026-08-14,Øresund,dél,Teherhajó,15,15,12,300598.0,0.8
2026-08-14,Øresund,észak,Tanker,8,8,2,148226.0,0.25
2026-08-14,Øresund,észak,Teherhajó,11,11,9,141618.0,0.8182
2026-08-15,Nagy-Balti-öv,dél,Tanker,8,8,5,926479.0,0.625
2026-08-15,Nagy-Balti-öv,dél,Teherhajó,4,4,2,153802.0,0.5
2026-08-15,Nagy-Balti-öv,észak,Tanker,3,2,1,408169.0,0.5
2026-08-15,Nagy-Balti-öv,észak,Teherhajó,16,16,15,918279.0,0.9375
2026-08-15,Øresund,dél,Tanker,5,5,4,83229.0,0.8
2026-08-15,Øresund,dél,Teherhajó,27,27,13,321350.0,0.4815
2026-08-15,Øresund,észak,Tanker,5,5,2,88319.0,0.4
2026-08-15,Øresund,észak,Teherhajó,15,15,13,173671.0,0.8667
2026-08-16,Nagy-Balti-öv,dél,Tanker,8,8,8,490652.0,1.0
2026-08-16,Nagy-Balti-öv,dél,Teherhajó,22,22,18,1373087.0,0.8182
2026-08-16,Nagy-Balti-öv,észak,Tanker,6,4,3,781627.0,0.75
2026-08-16,Nagy-Balti-öv,észak,Teherhajó,16,16,12,867856.0,0.75
2026-08-16,Øresund,dél,Tanker,7,7,3,371760.0,0.4286
2026-08-16,Øresund,dél,Teherhajó,33,32,20,781988.0,0.625
2026-08-16,Øresund,észak,Tanker,8,8,1,127782.0,0.125
2026-08-16,Øresund,észak,Teherhajó,22,22,19,367482.0,0.8636
2026-08-17,Nagy-Balti-öv,dél,Tanker,8,8,6,807397.0,0.75
2026-08-17,Nagy-Balti-öv,dél,Teherhajó,12,12,10,384689.0,0.8333
2026-08-17,Nagy-Balti-öv,észak,Tanker,14,13,8,1327698.0,0.6154
2026-08-17,Nagy-Balti-öv,észak,Teherhajó,19,19,12,570152.0,0.6316
2026-08-17,Øresund,dél,Tanker,6,6,4,170787.0,0.6667
2026-08-17,Øresund,dél,Teherhajó,23,23,10,524878.0,0.4348
2026-08-17,Øresund,észak,Tanker,4,4,1,133414.0,0.25
2026-08-17,Øresund,észak,Teherhajó,16,16,10,197304.0,0.625
2026-08-18,Nagy-Balti-öv,dél,Tanker,12,12,6,814692.0,0.5
2026-08-18,Nagy-Balti-öv,dél,Teherhajó,24,24,19,1172149.0,0.7917
2026-08-18,Nagy-Balti-öv,észak,Tanker,6,6,3,277658.0,0.5
2026-08-18,Nagy-Balti-öv,észak,Teherhajó,23,23,20,1400148.0,0.8696
2026-08-18,Øresund,dél,Tanker,8,8,5,238469.0,0.625
2026-08-18,Øresund,dél,Teherhajó,29,28,16,457429.0,0.5714
2026-08-18,Øresund,észak,Tanker,5,5,2,58338.0,0.4
2026-08-18,Øresund,észak,Teherhajó,16,16,12,162024.0,0.75
2026-08-19,Nagy-Balti-öv,dél,Tanker,7,7,4,708166.0,0.5714
2026-08-19,Nagy-Balti-öv,dél,Teherhajó,15,15,11,620917.0,0.7333
2026-08-19,Nagy-Balti-öv,észak,Tanker,10,10,5,767549.0,0.5
2026-08-19,Nagy-Balti-öv,észak,Teherhajó,17,17,15,837967.0,0.8824
2026-08-19,Øresund,dél,Tanker,7,7,3,158266.0,0.4286
2026-08-19,Øresund,dél,Teherhajó,19,19,8,332286.0,0.4211
2026-08-19,Øresund,észak,Tanker,9,9,5,126486.0,0.5556
2026-08-19,Øresund,észak,Teherhajó,14,14,8,242015.0,0.5714
2026-08-20,Nagy-Balti-öv,dél,Tanker,10,9,5,883578.0,0.5556
2026-08-20,Nagy-Balti-öv,dél,Teherhajó,15,15,12,563662.0,0.8
2026-08-20,Nagy-Balti-öv,észak,Tanker,5,5,4,602260.0,0.8
2026-08-20,Nagy-Balti-öv,észak,Teherhajó,25,25,20,1258698.0,0.8
2026-08-20,Øresund,dél,Tanker,7,7,3,84010.0,0.4286
2026-08-20,Øresund,dél,Teherhajó,22,21,10,495853.0,0.4762
2026-08-20,Øresund,észak,Tanker,11,11,4,140207.0,0.3636
2026-08-20,Øresund,észak,Teherhajó,20,20,15,295480.0,0.75
2026-08-21,Nagy-Balti-öv,dél,Tanker,8,8,6,403049.0,0.75
2026-08-21,Nagy-Balti-öv,dél,Teherhajó,12,12,7,699265.0,0.5833
2026-08-21,Nagy-Balti-öv,észak,Tanker,13,12,6,1286801.0,0.5
2026-08-21,Nagy-Balti-öv,észak,Teherhajó,21,21,18,980122.0,0.8571
2026-08-21,Øresund,dél,Tanker,5,5,2,157957.0,0.4
2026-08-21,Øresund,dél,Teherhajó,27,27,14,521854.0,0.5185
2026-08-21,Øresund,észak,Tanker,4,4,0,72474.0,0.0
2026-08-21,Øresund,észak,Teherhajó,20,20,14,212872.0,0.7
2026-08-22,Nagy-Balti-öv,dél,Tanker,8,8,4,616467.0,0.5
2026-08-22,Nagy-Balti-öv,dél,Teherhajó,11,11,8,471167.0,0.7273
2026-08-22,Nagy-Balti-öv,észak,Tanker,7,7,3,557482.0,0.4286
2026-08-22,Nagy-Balti-öv,észak,Teherhajó,16,15,12,717373.0,0.8
2026-08-22,Øresund,dél,Tanker,2,2,0,73758.0,0.0
2026-08-22,Øresund,dél,Teherhajó,29,29,15,386055.0,0.5172
2026-08-22,Øresund,észak,Tanker,9,8,2,130161.0,0.25
2026-08-22,Øresund,észak,Teherhajó,13,13,10,246782.0,0.7692
2026-08-23,Nagy-Balti-öv,dél,Tanker,10,10,7,964052.0,0.7
2026-08-23,Nagy-Balti-öv,dél,Teherhajó,13,13,11,411742.0,0.8462
2026-08-23,Nagy-Balti-öv,észak,Tanker,13,13,9,1568219.0,0.6923
2026-08-23,Nagy-Balti-öv,észak,Teherhajó,22,22,19,1102719.0,0.8636
2026-08-23,Øresund,dél,Tanker,6,6,4,103229.0,0.6667
2026-08-23,Øresund,dél,Teherhajó,27,26,16,523916.0,0.6154
2026-08-23,Øresund,észak,Tanker,3,3,1,57391.0,0.3333
2026-08-23,Øresund,észak,Teherhajó,20,20,16,259784.0,0.8
2026-08-24,Nagy-Balti-öv,dél,Tanker,6,6,6,498522.0,1.0
2026-08-24,Nagy-Balti-öv,dél,Teherhajó,13,13,11,543151.0,0.8462
2026-08-24,Nagy-Balti-öv,észak,Tanker,6,6,4,383530.0,0.6667
2026-08-24,Nagy-Balti-öv,észak,Teherhajó,17,17,16,1001344.0,0.9412
2026-08-24,Øresund,dél,Tanker,7,7,6,143222.0,0.8571
2026-08-24,Øresund,dél,Teherhajó,22,21,10,653036.0,0.4762
2026-08-24,Øresund,észak,Tanker,7,7,2,106171.0,0.2857
2026-08-24,Øresund,észak,Teherhajó,17,17,15,236879.0,0.8824
2026-08-25,Nagy-Balti-öv,dél,Tanker,14,13,10,1091314.0,0.7692
2026-08-25,Nagy-Balti-öv,dél,Teherhajó,15,15,13,443441.0,0.8667
2026-08-25,Nagy-Balti-öv,észak,Tanker,12,11,8,1374528.0,0.7273
2026-08-25,Nagy-Balti-öv,észak,Teherhajó,21,21,17,1061192.0,0.8095
2026-08-25,Øresund,dél,Tanker,5,5,3,103348.0,0.6
2026-08-25,Øresund,dél,Teherhajó,25,25,10,498503.0,0.4
2026-08-25,Øresund,észak,Tanker,4,4,2,104407.0,0.5
2026-08-25,Øresund,észak,Teherhajó,16,15,12,160741.0,0.8
2026-08-26,Nagy-Balti-öv,dél,Tanker,10,10,6,892224.0,0.6
2026-08-26,Nagy-Balti-öv,dél,Teherhajó,13,13,10,691698.0,0.7692
2026-08-26,Nagy-Balti-öv,észak,Tanker,10,10,7,634570.0,0.7
2026-08-26,Nagy-Balti-öv,észak,Teherhajó,13,13,10,669982.0,0.7692
2026-08-26,Øresund,dél,Tanker,6,6,3,232650.0,0.5
2026-08-26,Øresund,dél,Teherhajó,25,25,9,491846.0,0.36
2026-08-26,Øresund,észak,Tanker,10,10,2,197014.0,0.2
2026-08-26,Øresund,észak,Teherhajó,20,20,17,379897.0,0.85
2026-08-27,Nagy-Balti-öv,dél,Tanker,7,7,4,562922.0,0.5714
2026-08-27,Nagy-Balti-öv,dél,Teherhajó,17,17,15,798876.0,0.8824
2026-08-27,Nagy-Balti-öv,észak,Tanker,5,5,2,428158.0,0.4
2026-08-27,Nagy-Balti-öv,észak,Teherhajó,15,15,11,462415.0,0.7333
2026-08-27,Øresund,dél,Tanker,2,2,1,20184.0,0.5
2026-08-27,Øresund,dél,Teherhajó,24,24,9,533493.0,0.375
2026-08-27,Øresund,észak,Tanker,4,4,0,57250.0,0.0
2026-08-27,Øresund,észak,Teherhajó,20,20,17,212390.0,0.85
2026-08-28,Nagy-Balti-öv,dél,Tanker,6,6,3,441599.0,0.5
2026-08-28,Nagy-Balti-öv,dél,Teherhajó,21,21,18,1293161.0,0.8571
2026-08-28,Nagy-Balti-öv,észak,Tanker,9,9,6,878942.0,0.6667
2026-08-28,Nagy-Balti-öv,észak,Teherhajó,25,25,19,1166333.0,0.76
2026-08-28,Øresund,dél,Tanker,6,6,2,205067.0,0.3333
2026-08-28,Øresund,dél,Teherhajó,23,23,14,381620.0,0.6087
2026-08-28,Øresund,észak,Tanker,5,5,1,67463.0,0.2
2026-08-28,Øresund,észak,Teherhajó,16,16,16,123462.0,1.0
2026-08-29,Nagy-Balti-öv,dél,Tanker,10,10,9,687153.0,0.9
2026-08-29,Nagy-Balti-öv,dél,Teherhajó,18,18,16,762004.0,0.8889
2026-08-29,Nagy-Balti-öv,észak,Tanker,14,13,10,1282757.0,0.7692
2026-08-29,Nagy-Balti-öv,észak,Teherhajó,23,22,20,1604717.0,0.9091
2026-08-29,Øresund,dél,Tanker,9,9,4,255880.0,0.4444
2026-08-29,Øresund,dél,Teherhajó,21,21,11,292980.0,0.5238
2026-08-29,Øresund,észak,Tanker,10,10,2,175626.0,0.2
2026-08-29,Øresund,észak,Teherhajó,17,17,12,273453.0,0.7059
2026-08-30,Nagy-Balti-öv,dél,Tanker,9,9,7,829380.0,0.7778
2026-08-30,Nagy-Balti-öv,dél,Teherhajó,8,8,6,210017.0,0.75
2026-08-30,Nagy-Balti-öv,észak,Tanker,9,9,5,606659.0,0.5556
2026-08-30,Nagy-Balti-öv,észak,Teherhajó,17,17,16,1053794.0,0.9412
2026-08-30,Øresund,dél,Tanker,15,14,6,473019.0,0.4286
2026-08-30,Øresund,dél,Teherhajó,31,30,16,783046.0,0.5333
2026-08-30,Øresund,észak,Tanker,2,2,1,22470.0,0.5
2026-08-30,Øresund,észak,Teherhajó,17,17,15,242050.0,0.8824
2026-08-31,Nagy-Balti-öv,dél,Tanker,8,8,3,487465.0,0.375
2026-08-31,Nagy-Balti-öv,dél,Teherhajó,9,9,6,533666.0,0.6667
2026-08-31,Nagy-Balti-öv,észak,Tanker,13,11,7,1221756.0,0.6364
2026-08-31,Nagy-Balti-öv,észak,Teherhajó,25,24,18,1430213.0,0.75
2026-08-31,Øresund,dél,Tanker,3,3,1,109490.0,0.3333
2026-08-31,Øresund,dél,Teherhajó,23,19,10,509683.0,0.5263
2026-08-31,Øresund,észak,Tanker,4,4,1,76514.0,0.25
2026-08-31,Øresund,észak,Teherhajó,14,14,11,162384.0,0.7857
2026-09-01,Nagy-Balti-öv,dél,Tanker,11,10,6,1338287.0,0.6
2026-09-01,Nagy-Balti-öv,dél,Teherhajó,15,15,10,421943.0,0.6667
2026-09-01,Nagy-Balti-öv,észak,Tanker,12,11,6,1132681.0,0.5455
2026-09-01,Nagy-Balti-öv,észak,Teherhajó,17,17,15,1136539.0,0.8824
2026-09-01,Øresund,dél,Tanker,3,3,2,72742.0,0.6667
2026-09-01,Øresund,dél,Teherhajó,22,22,12,313881.0,0.5455
2026-09-01,Øresund,észak,Tanker,2,2,1,60336.0,0.5
2026-09-01,Øresund,észak,Teherhajó,11,11,9,112185.0,0.8182
2026-09-02,Nagy-Balti-öv,dél,Tanker,8,8,7,794030.0,0.875
2026-09-02,Nagy-Balti-öv,dél,Teherhajó,10,10,7,395535.0,0.7
2026-09-02,Nagy-Balti-öv,észak,Tanker,12,11,9,1087794.0,0.8182
2026-09-02,Nagy-Balti-öv,észak,Teherhajó,18,18,13,812318.0,0.7222
2026-09-02,Øresund,dél,Tanker,7,7,3,217181.0,0.4286
2026-09-02,Øresund,dél,Teherhajó,27,27,16,393458.0,0.5926
2026-09-02,Øresund,észak,Tanker,7,7,4,284673.0,0.5714
2026-09-02,Øresund,észak,Teherhajó,18,18,12,231412.0,0.6667
2026-09-03,Nagy-Balti-öv,dél,Tanker,11,10,5,539778.0,0.5
2026-09-03,Nagy-Balti-öv,dél,Teherhajó,13,13,9,619004.0,0.6923
2026-09-03,Nagy-Balti-öv,észak,Tanker,8,8,8,988392.0,1.0
2026-09-03,Nagy-Balti-öv,észak,Teherhajó,22,22,18,1250069.0,0.8182
2026-09-03,Øresund,dél,Tanker,10,10,5,336568.0,0.5
2026-09-03,Øresund,dél,Teherhajó,18,18,8,469304.0,0.4444
2026-09-03,Øresund,észak,Tanker,7,7,2,129049.0,0.2857
2026-09-03,Øresund,észak,Teherhajó,17,17,11,187372.0,0.6471
2026-09-04,Nagy-Balti-öv,dél,Tanker,16,16,9,1377014.0,0.5625
2026-09-04,Nagy-Balti-öv,dél,Teherhajó,16,16,14,1082102.0,0.875
2026-09-04,Nagy-Balti-öv,észak,Tanker,7,7,4,663848.0,0.5714
2026-09-04,Nagy-Balti-öv,észak,Teherhajó,16,16,15,1182587.0,0.9375
2026-09-04,Øresund,dél,Tanker,8,8,5,124226.0,0.625
2026-09-04,Øresund,dél,Teherhajó,19,18,7,460518.0,0.3889
2026-09-04,Øresund,észak,Tanker,8,7,2,110381.0,0.2857
2026-09-04,Øresund,észak,Teherhajó,13,13,10,199286.0,0.7692
2026-09-05,Nagy-Balti-öv,dél,Tanker,5,5,3,359394.0,0.6
2026-09-05,Nagy-Balti-öv,dél,Teherhajó,18,18,12,644617.0,0.6667
2026-09-05,Nagy-Balti-öv,észak,Tanker,11,11,10,1095926.0,0.9091
2026-09-05,Nagy-Balti-öv,észak,Teherhajó,18,18,14,929665.0,0.7778
2026-09-05,Øresund,dél,Tanker,3,3,2,73563.0,0.6667
2026-09-05,Øresund,dél,Teherhajó,23,22,10,447859.0,0.4545
2026-09-05,Øresund,észak,Tanker,7,7,1,141512.0,0.1429
2026-09-05,Øresund,észak,Teherhajó,2,2,2,82705.0,1.0
2026-09-06,Nagy-Balti-öv,dél,Tanker,7,6,2,592466.0,0.3333
2026-09-06,Nagy-Balti-öv,dél,Teherhajó,12,12,9,621324.0,0.75
2026-09-06,Nagy-Balti-öv,észak,Tanker,11,11,5,1243909.0,0.4545
2026-09-06,Nagy-Balti-öv,észak,Teherhajó,15,15,13,872905.0,0.8667
2026-09-06,Øresund,dél,Tanker,5,5,4,83577.0,0.8
2026-09-06,Øresund,dél,Teherhajó,17,17,7,418048.0,0.4118
2026-09-06,Øresund,észak,Tanker,5,5,0,78017.0,0.0
2026-09-06,Øresund,észak,Teherhajó,14,14,11,248082.0,0.7857
2026-09-07,Nagy-Balti-öv,dél,Tanker,5,5,5,459067.0,1.0
2026-09-07,Nagy-Balti-öv,dél,Teherhajó,22,22,15,1000555.0,0.6818
2026-09-07,Nagy-Balti-öv,észak,Tanker,7,6,4,860976.0,0.6667
2026-09-07,Nagy-Balti-öv,észak,Teherhajó,19,19,15,859554.0,0.7895
2026-09-07,Øresund,dél,Tanker,9,9,4,236055.0,0.4444
2026-09-07,Øresund,dél,Teherhajó,18,16,9,388298.0,0.5625
2026-09-07,Øresund,észak,Tanker,7,7,2,121285.0,0.2857
2026-09-07,Øresund,észak,Teherhajó,13,12,7,152852.0,0.5833
2026-09-08,Nagy-Balti-öv,dél,Tanker,12,12,6,833269.0,0.5
2026-09-08,Nagy-Balti-öv,dél,Teherhajó,12,11,10,689650.0,0.9091
2026-09-08,Nagy-Balti-öv,észak,Tanker,8,8,6,824779.0,0.75
2026-09-08,Nagy-Balti-öv,észak,Teherhajó,20,20,18,1382287.0,0.9
2026-09-08,Øresund,dél,Tanker,7,7,4,153574.0,0.5714
2026-09-08,Øresund,dél,Teherhajó,30,28,11,581372.0,0.3929
2026-09-08,Øresund,észak,Tanker,6,6,3,47346.0,0.5
2026-09-08,Øresund,észak,Teherhajó,14,14,10,181887.0,0.7143
2026-09-09,Nagy-Balti-öv,dél,Tanker,4,4,2,289461.0,0.5
2026-09-09,Nagy-Balti-öv,dél,Teherhajó,23,22,15,934595.0,0.6818
2026-09-09,Nagy-Balti-öv,észak,Tanker,7,7,4,617296.0,0.5714
2026-09-09,Nagy-Balti-öv,észak,Teherhajó,15,15,13,667790.0,0.8667
2026-09-09,Øresund,dél,Tanker,7,7,5,129138.0,0.7143
2026-09-09,Øresund,dél,Teherhajó,21,21,7,438427.0,0.3333
2026-09-09,Øresund,észak,Tanker,9,9,2,129517.0,0.2222
2026-09-09,Øresund,észak,Teherhajó,16,16,11,279195.0,0.6875
2026-09-10,Nagy-Balti-öv,dél,Tanker,8,8,7,822318.0,0.875
2026-09-10,Nagy-Balti-öv,dél,Teherhajó,9,9,5,412784.0,0.5556
2026-09-10,Nagy-Balti-öv,észak,Tanker,7,7,4,643213.0,0.5714
2026-09-10,Nagy-Balti-öv,észak,Teherhajó,18,18,12,618629.0,0.6667
2026-09-10,Øresund,dél,Tanker,5,5,4,86058.0,0.8
2026-09-10,Øresund,dél,Teherhajó,21,18,10,385523.0,0.5556
2026-09-10,Øresund,észak,Tanker,8,8,2,121419.0,0.25
2026-09-10,Øresund,észak,Teherhajó,16,15,10,257713.0,0.6667
2026-09-11,Nagy-Balti-öv,dél,Tanker,12,10,7,1154086.0,0.7
2026-09-11,Nagy-Balti-öv,dél,Teherhajó,19,17,12,973884.0,0.7059
2026-09-11,Nagy-Balti-öv,észak,Tanker,8,8,5,764220.0,0.625
2026-09-11,Nagy-Balti-öv,észak,Teherhajó,21,21,18,920330.0,0.8571
2026-09-11,Øresund,dél,Tanker,7,7,3,295176.0,0.4286
2026-09-11,Øresund,dél,Teherhajó,23,23,10,357398.0,0.4348
2026-09-11,Øresund,észak,Tanker,6,6,2,86598.0,0.3333
2026-09-11,Øresund,észak,Teherhajó,16,16,10,162601.0,0.625
2026-09-12,Nagy-Balti-öv,dél,Tanker,7,7,6,335214.0,0.8571
2026-09-12,Nagy-Balti-öv,dél,Teherhajó,15,14,9,746060.0,0.6429
2026-09-12,Nagy-Balti-öv,észak,Tanker,9,9,7,800141.0,0.7778
2026-09-12,Nagy-Balti-öv,észak,Teherhajó,17,17,16,1149588.0,0.9412
2026-09-12,Øresund,dél,Tanker,11,11,2,420311.0,0.1818
2026-09-12,Øresund,dél,Teherhajó,31,25,6,573866.0,0.24
2026-09-12,Øresund,észak,Tanker,6,6,2,73497.0,0.3333
2026-09-12,Øresund,észak,Teherhajó,17,16,10,256523.0,0.625
2026-09-13,Nagy-Balti-öv,dél,Tanker,9,9,5,610589.0,0.5556
2026-09-13,Nagy-Balti-öv,dél,Teherhajó,12,12,10,541663.0,0.8333
2026-09-13,Nagy-Balti-öv,észak,Tanker,10,9,6,736568.0,0.6667
2026-09-13,Nagy-Balti-öv,észak,Teherhajó,19,18,15,1401110.0,0.8333
2026-09-13,Øresund,dél,Tanker,5,4,2,180227.0,0.5
2026-09-13,Øresund,dél,Teherhajó,26,22,11,598034.0,0.5
2026-09-13,Øresund,észak,Tanker,5,5,1,72474.0,0.2
2026-09-13,Øresund,észak,Teherhajó,20,20,14,259667.0,0.7
2026-09-14,Nagy-Balti-öv,dél,Tanker,9,9,7,540907.0,0.7778
2026-09-14,Nagy-Balti-öv,dél,Teherhajó,15,13,10,808466.0,0.7692
2026-09-14,Nagy-Balti-öv,észak,Tanker,8,8,6,997474.0,0.75
2026-09-14,Nagy-Balti-öv,észak,Teherhajó,21,21,20,1294314.0,0.9524
2026-09-14,Øresund,dél,Tanker,5,5,3,67154.0,0.6
2026-09-14,Øresund,dél,Teherhajó,29,26,13,654032.0,0.5
2026-09-14,Øresund,észak,Tanker,5,5,2,92970.0,0.4
2026-09-14,Øresund,észak,Teherhajó,12,12,6,238788.0,0.5
2026-09-15,Nagy-Balti-öv,dél,Tanker,8,8,7,476494.0,0.875
2026-09-15,Nagy-Balti-öv,dél,Teherhajó,16,15,12,480971.0,0.8
2026-09-15,Nagy-Balti-öv,észak,Tanker,11,10,8,1214191.0,0.8
2026-09-15,Nagy-Balti-öv,észak,Teherhajó,17,17,16,929290.0,0.9412
2026-09-15,Øresund,dél,Tanker,2,2,2,10562.0,1.0
2026-09-15,Øresund,dél,Teherhajó,24,21,8,535484.0,0.381
2026-09-15,Øresund,észak,Tanker,8,8,3,95697.0,0.375
2026-09-15,Øresund,észak,Teherhajó,9,9,6,166613.0,0.6667
2026-09-16,Nagy-Balti-öv,dél,Tanker,6,6,5,501219.0,0.8333
2026-09-16,Nagy-Balti-öv,dél,Teherhajó,20,19,14,865782.0,0.7368
2026-09-16,Nagy-Balti-öv,észak,Tanker,11,11,7,1019724.0,0.6364
2026-09-16,Nagy-Balti-öv,észak,Teherhajó,21,21,17,963900.0,0.8095
2026-09-16,Øresund,dél,Tanker,4,4,3,64206.0,0.75
2026-09-16,Øresund,dél,Teherhajó,25,21,15,462060.0,0.7143
2026-09-16,Øresund,észak,Tanker,4,4,2,92155.0,0.5
2026-09-16,Øresund,észak,Teherhajó,16,16,13,216402.0,0.8125
2026-09-17,Nagy-Balti-öv,dél,Tanker,9,8,3,744038.0,0.375
2026-09-17,Nagy-Balti-öv,dél,Teherhajó,15,15,11,597745.0,0.7333
2026-09-17,Nagy-Balti-öv,észak,Tanker,9,9,5,931285.0,0.5556
2026-09-17,Nagy-Balti-öv,észak,Teherhajó,21,21,17,907720.0,0.8095
2026-09-17,Øresund,dél,Tanker,7,7,2,163415.0,0.2857
2026-09-17,Øresund,dél,Teherhajó,19,18,8,424816.0,0.4444
2026-09-17,Øresund,észak,Tanker,3,3,0,57163.0,0.0
2026-09-17,Øresund,észak,Teherhajó,17,17,12,302295.0,0.7059
2026-09-18,Nagy-Balti-öv,dél,Tanker,8,8,4,858179.0,0.5
2026-09-18,Nagy-Balti-öv,dél,Teherhajó,19,16,14,1160966.0,0.875
2026-09-18,Nagy-Balti-öv,észak,Tanker,6,5,3,500315.0,0.6
2026-09-18,Nagy-Balti-öv,észak,Teherhajó,26,25,21,1315458.0,0.84
2026-09-18,Øresund,dél,Tanker,7,7,5,164769.0,0.7143
2026-09-18,Øresund,dél,Teherhajó,27,27,13,508260.0,0.4815
2026-09-18,Øresund,észak,Tanker,9,9,4,161538.0,0.4444
2026-09-18,Øresund,észak,Teherhajó,13,13,12,117601.0,0.9231
2026-09-19,Nagy-Balti-öv,dél,Tanker,6,6,4,581597.0,0.6667
2026-09-19,Nagy-Balti-öv,dél,Teherhajó,13,13,10,486705.0,0.7692
2026-09-19,Nagy-Balti-öv,észak,Tanker,7,7,5,331456.0,0.7143
2026-09-19,Nagy-Balti-öv,észak,Teherhajó,21,19,17,1333102.0,0.8947
2026-09-19,Øresund,dél,Tanker,8,8,2,233218.0,0.25
2026-09-19,Øresund,dél,Teherhajó,27,23,9,660829.0,0.3913
2026-09-19,Øresund,észak,Tanker,5,5,3,55623.0,0.6
2026-09-19,Øresund,észak,Teherhajó,17,17,13,240927.0,0.7647
2026-09-20,Nagy-Balti-öv,dél,Tanker,6,5,3,574940.0,0.6
2026-09-20,Nagy-Balti-öv,dél,Teherhajó,15,14,12,956427.0,0.8571
2026-09-20,Nagy-Balti-öv,észak,Tanker,13,11,5,980056.0,0.4545
2026-09-20,Nagy-Balti-öv,észak,Teherhajó,24,24,22,1072706.0,0.9167
2026-09-20,Øresund,dél,Tanker,9,9,6,347550.0,0.6667
2026-09-20,Øresund,dél,Teherhajó,18,17,8,293435.0,0.4706
2026-09-20,Øresund,észak,Tanker,2,2,1,31646.0,0.5
2026-09-20,Øresund,észak,Teherhajó,10,10,6,73806.0,0.6
2026-09-21,Nagy-Balti-öv,dél,Tanker,6,6,6,558831.0,1.0
2026-09-21,Nagy-Balti-öv,dél,Teherhajó,13,11,5,291178.0,0.4545
2026-09-21,Nagy-Balti-öv,észak,Tanker,6,6,6,665915.0,1.0
2026-09-21,Nagy-Balti-öv,észak,Teherhajó,16,16,12,683369.0,0.75
2026-09-21,Øresund,dél,Tanker,5,4,2,126637.0,0.5
2026-09-21,Øresund,dél,Teherhajó,17,15,6,341032.0,0.4
2026-09-21,Øresund,észak,Tanker,11,11,4,188755.0,0.3636
2026-09-21,Øresund,észak,Teherhajó,15,14,12,179312.0,0.8571
2026-09-22,Nagy-Balti-öv,dél,Tanker,10,10,6,597953.0,0.6
2026-09-22,Nagy-Balti-öv,dél,Teherhajó,12,12,10,789068.0,0.8333
2026-09-22,Nagy-Balti-öv,észak,Tanker,5,5,5,405364.0,1.0
2026-09-22,Nagy-Balti-öv,észak,Teherhajó,19,19,18,825217.0,0.9474
2026-09-22,Øresund,dél,Tanker,2,2,0,92750.0,0.0
2026-09-22,Øresund,dél,Teherhajó,26,26,13,397057.0,0.5
2026-09-22,Øresund,észak,Tanker,8,8,4,104590.0,0.5
2026-09-22,Øresund,észak,Teherhajó,14,13,9,203596.0,0.6923
2026-09-23,Nagy-Balti-öv,dél,Tanker,10,10,8,804408.0,0.8
2026-09-23,Nagy-Balti-öv,dél,Teherhajó,19,17,13,776504.0,0.7647
2026-09-23,Nagy-Balti-öv,észak,Tanker,6,6,4,539110.0,0.6667
2026-09-23,Nagy-Balti-öv,észak,Teherhajó,17,17,15,1091010.0,0.8824
2026-09-23,Øresund,dél,Tanker,5,5,4,52547.0,0.8
2026-09-23,Øresund,dél,Teherhajó,21,19,7,432970.0,0.3684
2026-09-23,Øresund,észak,Tanker,6,6,2,70038.0,0.3333
2026-09-23,Øresund,észak,Teherhajó,27,27,21,255518.0,0.7778
2026-09-24,Nagy-Balti-öv,dél,Tanker,10,9,6,639112.0,0.6667
2026-09-24,Nagy-Balti-öv,dél,Teherhajó,17,16,12,619891.0,0.75
2026-09-24,Nagy-Balti-öv,észak,Tanker,12,12,11,1651295.0,0.9167
2026-09-24,Nagy-Balti-öv,észak,Teherhajó,18,17,16,1017562.0,0.9412
2026-09-24,Øresund,dél,Tanker,3,3,1,93899.0,0.3333
2026-09-24,Øresund,dél,Teherhajó,33,28,11,720668.0,0.3929
2026-09-24,Øresund,észak,Tanker,2,2,1,52212.0,0.5
2026-09-24,Øresund,észak,Teherhajó,12,12,11,234169.0,0.9167
2026-09-25,Nagy-Balti-öv,dél,Tanker,9,9,6,361982.0,0.6667
2026-09-25,Nagy-Balti-öv,dél,Teherhajó,18,16,14,616339.0,0.875
2026-09-25,Nagy-Balti-öv,észak,Tanker,6,6,4,628773.0,0.6667
2026-09-25,Nagy-Balti-öv,észak,Teherhajó,24,24,22,1392166.0,0.9167
2026-09-25,Øresund,dél,Tanker,5,3,3,110209.0,1.0
2026-09-25,Øresund,dél,Teherhajó,15,15,8,374322.0,0.5333
2026-09-25,Øresund,észak,Tanker,5,5,1,142689.0,0.2
2026-09-25,Øresund,észak,Teherhajó,9,9,6,153798.0,0.6667
2026-09-26,Nagy-Balti-öv,dél,Tanker,12,9,6,786874.0,0.6667
2026-09-26,Nagy-Balti-öv,dél,Teherhajó,17,13,11,782003.0,0.8462
2026-09-26,Nagy-Balti-öv,észak,Tanker,12,12,8,1352688.0,0.6667
2026-09-26,Nagy-Balti-öv,észak,Teherhajó,23,22,20,1517715.0,0.9091
2026-09-26,Øresund,dél,Tanker,8,8,3,255956.0,0.375
2026-09-26,Øresund,dél,Teherhajó,17,14,6,400134.0,0.4286
2026-09-26,Øresund,észak,Tanker,3,3,1,24626.0,0.3333
2026-09-26,Øresund,észak,Teherhajó,18,18,13,288665.0,0.7222
2026-09-27,Nagy-Balti-öv,dél,Tanker,10,10,6,674693.0,0.6
2026-09-27,Nagy-Balti-öv,dél,Teherhajó,15,13,13,560161.0,1.0
2026-09-27,Nagy-Balti-öv,észak,Tanker,11,11,6,713926.0,0.5455
2026-09-27,Nagy-Balti-öv,észak,Teherhajó,30,30,27,1662702.0,0.9
2026-09-27,Øresund,dél,Tanker,8,7,2,251280.0,0.2857
2026-09-27,Øresund,dél,Teherhajó,29,26,16,634113.0,0.6154
2026-09-27,Øresund,észak,Tanker,8,8,0,101869.0,0.0
2026-09-27,Øresund,észak,Teherhajó,11,11,10,135186.0,0.9091
2026-09-28,Nagy-Balti-öv,dél,Tanker,7,6,3,489711.0,0.5
2026-09-28,Nagy-Balti-öv,dél,Teherhajó,15,13,9,763948.0,0.6923
2026-09-28,Nagy-Balti-öv,észak,Tanker,7,7,6,454988.0,0.8571
2026-09-28,Nagy-Balti-öv,észak,Teherhajó,21,21,20,1108655.0,0.9524
2026-09-28,Øresund,dél,Tanker,7,7,4,86824.0,0.5714
2026-09-28,Øresund,dél,Teherhajó,30,23,16,629830.0,0.6957
2026-09-28,Øresund,észak,Tanker,8,8,2,167140.0,0.25
2026-09-28,Øresund,észak,Teherhajó,9,9,6,77575.0,0.6667
2026-09-29,Nagy-Balti-öv,dél,Tanker,3,2,1,209860.0,0.5
2026-09-29,Nagy-Balti-öv,dél,Teherhajó,16,14,12,873102.0,0.8571
2026-09-29,Nagy-Balti-öv,észak,Tanker,11,11,7,696700.0,0.6364
2026-09-29,Nagy-Balti-öv,észak,Teherhajó,15,15,12,793522.0,0.8
2026-09-29,Øresund,dél,Tanker,6,6,2,216544.0,0.3333
2026-09-29,Øresund,dél,Teherhajó,12,10,4,327007.0,0.4
2026-09-29,Øresund,észak,Tanker,1,1,0,13932.0,0.0
2026-09-29,Øresund,észak,Teherhajó,14,14,13,223476.0,0.9286
2026-09-30,Nagy-Balti-öv,dél,Tanker,6,6,5,339332.0,0.8333
2026-09-30,Nagy-Balti-öv,dél,Teherhajó,9,9,9,441040.0,1.0
2026-09-30,Nagy-Balti-öv,észak,Tanker,4,4,4,403966.0,1.0
2026-09-30,Nagy-Balti-öv,észak,Teherhajó,25,25,21,1054970.0,0.84
2026-09-30,Øresund,dél,Tanker,7,6,5,206096.0,0.8333
2026-09-30,Øresund,dél,Teherhajó,24,19,13,537421.0,0.6842
2026-09-30,Øresund,észak,Tanker,5,5,4,52811.0,0.8
2026-09-30,Øresund,észak,Teherhajó,16,16,10,186199.0,0.625
2026-10-01,Nagy-Balti-öv,dél,Tanker,6,5,4,392458.0,0.8
2026-10-01,Nagy-Balti-öv,dél,Teherhajó,21,17,11,852614.0,0.6471
2026-10-01,Nagy-Balti-öv,észak,Tanker,8,8,6,847137.0,0.75
2026-10-01,Nagy-Balti-öv,észak,Teherhajó,26,26,25,1464146.0,0.9615
2026-10-01,Øresund,dél,Tanker,5,5,1,234762.0,0.2
2026-10-01,Øresund,dél,Teherhajó,24,22,15,527324.0,0.6818
2026-10-01,Øresund,észak,Tanker,7,7,1,135109.0,0.1429
2026-10-01,Øresund,észak,Teherhajó,32,32,26,495862.0,0.8125
2026-10-02,Nagy-Balti-öv,dél,Tanker,9,9,6,866363.0,0.6667
2026-10-02,Nagy-Balti-öv,dél,Teherhajó,12,11,9,476975.0,0.8182
2026-10-02,Nagy-Balti-öv,észak,Tanker,8,8,4,562119.0,0.5
2026-10-02,Nagy-Balti-öv,észak,Teherhajó,20,20,19,1050641.0,0.95
2026-10-02,Øresund,dél,Tanker,11,9,5,173425.0,0.5556
2026-10-02,Øresund,dél,Teherhajó,16,13,7,335210.0,0.5385
2026-10-02,Øresund,észak,Tanker,6,6,2,86644.0,0.3333
2026-10-02,Øresund,észak,Teherhajó,17,17,12,202107.0,0.7059
2026-10-03,Nagy-Balti-öv,dél,Tanker,10,7,7,765287.0,1.0
2026-10-03,Nagy-Balti-öv,dél,Teherhajó,15,12,11,748036.0,0.9167
2026-10-03,Nagy-Balti-öv,észak,Tanker,15,15,12,1343740.0,0.8
2026-10-03,Nagy-Balti-öv,észak,Teherhajó,22,22,21,1186808.0,0.9545
2026-10-03,Øresund,dél,Tanker,5,4,2,217192.0,0.5
2026-10-03,Øresund,dél,Teherhajó,26,19,10,475148.0,0.5263
2026-10-03,Øresund,észak,Tanker,7,7,4,133931.0,0.5714
2026-10-03,Øresund,észak,Teherhajó,6,6,5,67841.0,0.8333
2026-10-04,Nagy-Balti-öv,dél,Tanker,12,11,8,734793.0,0.7273
2026-10-04,Nagy-Balti-öv,dél,Teherhajó,10,8,7,463795.0,0.875
2026-10-04,Nagy-Balti-öv,észak,Tanker,6,6,6,832055.0,1.0
2026-10-04,Nagy-Balti-öv,észak,Teherhajó,20,20,20,1430736.0,1.0
2026-10-04,Øresund,dél,Tanker,7,7,3,158500.0,0.4286
2026-10-04,Øresund,dél,Teherhajó,25,25,14,539993.0,0.56
2026-10-04,Øresund,észak,Tanker,4,4,3,50587.0,0.75
2026-10-04,Øresund,észak,Teherhajó,14,14,9,211570.0,0.6429
2026-10-05,Nagy-Balti-öv,dél,Tanker,6,5,4,495309.0,0.8
2026-10-05,Nagy-Balti-öv,dél,Teherhajó,13,12,10,708443.0,0.8333
2026-10-05,Nagy-Balti-öv,észak,Tanker,8,7,5,867997.0,0.7143
2026-10-05,Nagy-Balti-öv,észak,Teherhajó,27,27,25,1514631.0,0.9259
2026-10-05,Øresund,dél,Tanker,7,6,4,57651.0,0.6667
2026-10-05,Øresund,dél,Teherhajó,31,28,16,657873.0,0.5714
2026-10-05,Øresund,észak,Tanker,4,4,3,71819.0,0.75
2026-10-05,Øresund,észak,Teherhajó,12,11,9,191346.0,0.8182
2026-10-06,Nagy-Balti-öv,dél,Tanker,8,7,5,476589.0,0.7143
2026-10-06,Nagy-Balti-öv,dél,Teherhajó,11,9,8,289357.0,0.8889
2026-10-06,Nagy-Balti-öv,észak,Tanker,13,13,8,1241713.0,0.6154
2026-10-06,Nagy-Balti-öv,észak,Teherhajó,20,19,18,950578.0,0.9474
2026-10-06,Øresund,dél,Tanker,6,6,4,197876.0,0.6667
2026-10-06,Øresund,dél,Teherhajó,25,24,14,378842.0,0.5833
2026-10-06,Øresund,észak,Tanker,5,5,3,59239.0,0.6
2026-10-06,Øresund,észak,Teherhajó,18,18,12,233474.0,0.6667
2026-10-07,Nagy-Balti-öv,dél,Tanker,7,5,5,380856.0,1.0
2026-10-07,Nagy-Balti-öv,dél,Teherhajó,14,12,10,505531.0,0.8333
2026-10-07,Nagy-Balti-öv,észak,Tanker,10,10,6,904535.0,0.6
2026-10-07,Nagy-Balti-öv,észak,Teherhajó,19,19,16,920986.0,0.8421
2026-10-07,Øresund,dél,Tanker,5,4,2,209270.0,0.5
2026-10-07,Øresund,dél,Teherhajó,18,17,9,326367.0,0.5294
2026-10-07,Øresund,észak,Tanker,3,3,2,50674.0,0.6667
2026-10-07,Øresund,észak,Teherhajó,21,18,14,198466.0,0.7778
